MCS_Index,Distance,SNR
qam_M4_R50,100,4.99186780618622
qam_M4_R50,100,3.13337944350597
qam_M4_R50,104,4.99186780618622
qam_M4_R50,104,3.13337944350597
qam_M4_R50,108,4.99186780618622
qam_M4_R50,108,3.13337944350597
qam_M4_R50,112,4.99186780618622
qam_M4_R50,112,3.13337944350597
qam_M4_R50,116,4.99186780618622
qam_M4_R50,116,3.13337944350597
qam_M4_R50,120,4.99186780618622
qam_M4_R50,120,3.13337944350597
qam_M4_R50,124,4.99186780618622
qam_M4_R50,124,3.13337944350597
qam_M4_R50,128,4.99186780618622
qam_M4_R50,128,3.13337944350597
qam_M4_R50,132,4.99186780618622
qam_M4_R50,132,3.13337944350597
qam_M4_R50,136,4.99186780618622
qam_M4_R50,136,3.13337944350597
qam_M4_R50,140,4.99186780618622
qam_M4_R50,140,3.13337944350597
qam_M4_R50,144,4.99186780618622
qam_M4_R50,144,3.13337944350597
qam_M4_R50,148,4.99186780618622
qam_M4_R50,148,3.13337944350597
qam_M4_R50,152,4.99186780618622
qam_M4_R50,152,3.13337944350597
qam_M4_R50,156,4.99186780618622
qam_M4_R50,156,3.13337944350597
qam_M4_R50,160,4.99186780618622
qam_M4_R50,160,3.13337944350597
qam_M4_R50,164,4.99186780618622
qam_M4_R50,164,3.13337944350597
qam_M4_R50,168,4.99186780618622
qam_M4_R50,168,3.13337944350597
qam_M4_R50,172,4.99186780618622
qam_M4_R50,172,3.13337944350597
qam_M4_R50,176,4.99186780618622
qam_M4_R50,176,3.13337944350597
qam_M4_R50,180,4.99186780618622
qam_M4_R50,180,3.13337944350597
qam_M4_R50,184,4.99186780618622
qam_M4_R50,184,3.13337944350597
qam_M4_R50,188,4.99186780618622
qam_M4_R50,188,3.13337944350597
qam_M4_R50,192,4.99186780618622
qam_M4_R50,192,3.13337944350597
qam_M4_R50,196,4.99186780618622
qam_M4_R50,196,3.13337944350597
qam_M4_R50,200,4.99186780618622
qam_M4_R50,200,3.13337944350597
qam_M4_R50,204,4.99186780618622
qam_M4_R50,204,3.13337944350597
qam_M4_R50,208,4.99186780618622
qam_M4_R50,208,3.13337944350597
qam_M4_R50,212,4.99186780618622
qam_M4_R50,212,3.13337944350597
qam_M4_R50,216,4.99186780618622
qam_M4_R50,216,3.13337944350597
qam_M4_R50,220,4.99186780618622
qam_M4_R50,220,3.13337944350597
qam_M4_R50,224,4.99186780618622
qam_M4_R50,224,3.13337944350597
qam_M4_R50,228,4.99186780618622
qam_M4_R50,228,3.13337944350597
qam_M4_R50,232,4.99186780618622
qam_M4_R50,232,3.13337944350597
qam_M4_R50,236,4.99186780618622
qam_M4_R50,236,3.13337944350597
qam_M4_R50,240,4.99186780618622
qam_M4_R50,240,3.13337944350597
qam_M4_R50,244,4.99186780618622
qam_M4_R50,244,3.13337944350597
qam_M4_R50,248,4.99186780618622
qam_M4_R50,248,3.13337944350597
qam_M4_R50,252,4.99186780618622
qam_M4_R50,252,3.13337944350597
qam_M4_R50,256,4.99186780618622
qam_M4_R50,256,3.13337944350597
qam_M4_R50,260,4.99186780618622
qam_M4_R50,260,3.13337944350597
qam_M4_R50,264,4.99186780618622
qam_M4_R50,264,3.13337944350597
qam_M4_R50,268,4.99186780618622
qam_M4_R50,268,3.13337944350597
qam_M4_R50,272,4.99186780618622
qam_M4_R50,272,3.13337944350597
qam_M4_R50,276,4.99186780618622
qam_M4_R50,276,3.13337944350597
qam_M4_R50,280,4.99186780618622
qam_M4_R50,280,3.13337944350597
qam_M4_R50,284,4.99186780618622
qam_M4_R50,284,3.13337944350597
qam_M4_R50,288,4.99186780618622
qam_M4_R50,288,3.13337944350597
qam_M4_R50,292,4.99186780618622
qam_M4_R50,292,3.13337944350597
qam_M4_R50,296,4.99186780618622
qam_M4_R50,296,3.13337944350597
qam_M4_R67,100,7.8029721767794
qam_M4_R67,100,5.89494225020025
qam_M4_R67,104,7.8029721767794
qam_M4_R67,104,5.89494225020025
qam_M4_R67,108,7.8029721767794
qam_M4_R67,108,5.89494225020025
qam_M4_R67,112,7.8029721767794
qam_M4_R67,112,5.89494225020025
qam_M4_R67,116,7.8029721767794
qam_M4_R67,116,5.89494225020025
qam_M4_R67,120,7.8029721767794
qam_M4_R67,120,5.89494225020025
qam_M4_R67,124,7.8029721767794
qam_M4_R67,124,5.89494225020025
qam_M4_R67,128,7.8029721767794
qam_M4_R67,128,5.89494225020025
qam_M4_R67,132,7.8029721767794
qam_M4_R67,132,5.89494225020025
qam_M4_R67,136,7.8029721767794
qam_M4_R67,136,5.89494225020025
qam_M4_R67,140,7.8029721767794
qam_M4_R67,140,5.89494225020025
qam_M4_R67,144,7.8029721767794
qam_M4_R67,144,5.89494225020025
qam_M4_R67,148,7.8029721767794
qam_M4_R67,148,5.89494225020025
qam_M4_R67,152,7.8029721767794
qam_M4_R67,152,5.89494225020025
qam_M4_R67,156,7.8029721767794
qam_M4_R67,156,5.89494225020025
qam_M4_R67,160,7.8029721767794
qam_M4_R67,160,5.89494225020025
qam_M4_R67,164,7.8029721767794
qam_M4_R67,164,5.89494225020025
qam_M4_R67,168,7.8029721767794
qam_M4_R67,168,5.89494225020025
qam_M4_R67,172,7.8029721767794
qam_M4_R67,172,5.89494225020025
qam_M4_R67,176,7.8029721767794
qam_M4_R67,176,5.89494225020025
qam_M4_R67,180,7.8029721767794
qam_M4_R67,180,5.89494225020025
qam_M4_R67,184,7.8029721767794
qam_M4_R67,184,5.89494225020025
qam_M4_R67,188,7.8029721767794
qam_M4_R67,188,5.89494225020025
qam_M4_R67,192,7.8029721767794
qam_M4_R67,192,5.89494225020025
qam_M4_R67,196,7.8029721767794
qam_M4_R67,196,5.89494225020025
qam_M4_R67,200,7.8029721767794
qam_M4_R67,200,5.89494225020025
qam_M4_R67,204,7.8029721767794
qam_M4_R67,204,5.89494225020025
qam_M4_R67,208,7.8029721767794
qam_M4_R67,208,5.89494225020025
qam_M4_R67,212,7.8029721767794
qam_M4_R67,212,5.89494225020025
qam_M4_R67,216,7.8029721767794
qam_M4_R67,216,5.89494225020025
qam_M4_R67,220,7.8029721767794
qam_M4_R67,220,5.89494225020025
qam_M4_R67,224,7.8029721767794
qam_M4_R67,224,5.89494225020025
qam_M4_R67,228,7.8029721767794
qam_M4_R67,228,5.89494225020025
qam_M4_R67,232,7.8029721767794
qam_M4_R67,232,5.89494225020025
qam_M4_R67,236,7.8029721767794
qam_M4_R67,236,5.89494225020025
qam_M4_R67,240,7.8029721767794
qam_M4_R67,240,5.89494225020025
qam_M4_R67,244,7.8029721767794
qam_M4_R67,244,5.89494225020025
qam_M4_R67,248,7.8029721767794
qam_M4_R67,248,5.89494225020025
qam_M4_R67,252,7.8029721767794
qam_M4_R67,252,5.89494225020025
qam_M4_R67,256,7.8029721767794
qam_M4_R67,256,5.89494225020025
qam_M4_R67,260,7.8029721767794
qam_M4_R67,260,5.89494225020025
qam_M4_R67,264,7.8029721767794
qam_M4_R67,264,5.89494225020025
qam_M4_R67,268,7.8029721767794
qam_M4_R67,268,5.89494225020025
qam_M4_R67,272,7.8029721767794
qam_M4_R67,272,5.89494225020025
qam_M4_R67,276,7.8029721767794
qam_M4_R67,276,5.89494225020025
qam_M4_R67,280,7.8029721767794
qam_M4_R67,280,5.89494225020025
qam_M4_R67,284,7.8029721767794
qam_M4_R67,284,5.89494225020025
qam_M4_R67,288,7.8029721767794
qam_M4_R67,288,5.89494225020025
qam_M4_R67,292,7.8029721767794
qam_M4_R67,292,5.89494225020025
qam_M4_R67,296,7.8029721767794
qam_M4_R67,296,5.89494225020025
qam_M4_R75,100,5.72543354573689
qam_M4_R75,100,4.42270652868089
qam_M4_R75,104,5.72543354573689
qam_M4_R75,104,4.42270652868089
qam_M4_R75,108,5.72543354573689
qam_M4_R75,108,4.42270652868089
qam_M4_R75,112,5.72543354573689
qam_M4_R75,112,4.42270652868089
qam_M4_R75,116,5.72543354573689
qam_M4_R75,116,4.42270652868089
qam_M4_R75,120,5.72543354573689
qam_M4_R75,120,4.42270652868089
qam_M4_R75,124,5.72543354573689
qam_M4_R75,124,4.42270652868089
qam_M4_R75,128,5.72543354573689
qam_M4_R75,128,4.42270652868089
qam_M4_R75,132,5.72543354573689
qam_M4_R75,132,4.42270652868089
qam_M4_R75,136,5.72543354573689
qam_M4_R75,136,4.42270652868089
qam_M4_R75,140,5.72543354573689
qam_M4_R75,140,4.42270652868089
qam_M4_R75,144,5.72543354573689
qam_M4_R75,144,4.42270652868089
qam_M4_R75,148,5.72543354573689
qam_M4_R75,148,4.42270652868089
qam_M4_R75,152,5.72543354573689
qam_M4_R75,152,4.42270652868089
qam_M4_R75,156,5.72543354573689
qam_M4_R75,156,4.42270652868089
qam_M4_R75,160,5.72543354573689
qam_M4_R75,160,4.42270652868089
qam_M4_R75,164,5.72543354573689
qam_M4_R75,164,4.42270652868089
qam_M4_R75,168,5.72543354573689
qam_M4_R75,168,4.42270652868089
qam_M4_R75,172,5.72543354573689
qam_M4_R75,172,4.42270652868089
qam_M4_R75,176,5.72543354573689
qam_M4_R75,176,4.42270652868089
qam_M4_R75,180,5.72543354573689
qam_M4_R75,180,4.42270652868089
qam_M4_R75,184,5.72543354573689
qam_M4_R75,184,4.42270652868089
qam_M4_R75,188,5.72543354573689
qam_M4_R75,188,4.42270652868089
qam_M4_R75,192,5.72543354573689
qam_M4_R75,192,4.42270652868089
qam_M4_R75,196,5.72543354573689
qam_M4_R75,196,4.42270652868089
qam_M4_R75,200,5.72543354573689
qam_M4_R75,200,4.42270652868089
qam_M4_R75,204,5.72543354573689
qam_M4_R75,204,4.42270652868089
qam_M4_R75,208,5.72543354573689
qam_M4_R75,208,4.42270652868089
qam_M4_R75,212,5.72543354573689
qam_M4_R75,212,4.42270652868089
qam_M4_R75,216,5.72543354573689
qam_M4_R75,216,4.42270652868089
qam_M4_R75,220,5.72543354573689
qam_M4_R75,220,4.42270652868089
qam_M4_R75,224,5.72543354573689
qam_M4_R75,224,4.42270652868089
qam_M4_R75,228,5.72543354573689
qam_M4_R75,228,4.42270652868089
qam_M4_R75,232,5.72543354573689
qam_M4_R75,232,4.42270652868089
qam_M4_R75,236,5.72543354573689
qam_M4_R75,236,4.42270652868089
qam_M4_R75,240,5.72543354573689
qam_M4_R75,240,4.42270652868089
qam_M4_R75,244,5.72543354573689
qam_M4_R75,244,4.42270652868089
qam_M4_R75,248,5.72543354573689
qam_M4_R75,248,4.42270652868089
qam_M4_R75,252,5.72543354573689
qam_M4_R75,252,4.42270652868089
qam_M4_R75,256,5.72543354573689
qam_M4_R75,256,4.42270652868089
qam_M4_R75,260,5.72543354573689
qam_M4_R75,260,4.42270652868089
qam_M4_R75,264,5.72543354573689
qam_M4_R75,264,4.42270652868089
qam_M4_R75,268,5.72543354573689
qam_M4_R75,268,4.42270652868089
qam_M4_R75,272,5.72543354573689
qam_M4_R75,272,4.42270652868089
qam_M4_R75,276,5.72543354573689
qam_M4_R75,276,4.42270652868089
qam_M4_R75,280,5.72543354573689
qam_M4_R75,280,4.42270652868089
qam_M4_R75,284,5.72543354573689
qam_M4_R75,284,4.42270652868089
qam_M4_R75,288,5.72543354573689
qam_M4_R75,288,4.42270652868089
qam_M4_R75,292,5.72543354573689
qam_M4_R75,292,4.42270652868089
qam_M4_R75,296,5.72543354573689
qam_M4_R75,296,4.42270652868089
qam_M16_R50,100,5.28603672892743
qam_M16_R50,100,5.44748372120249
qam_M16_R50,104,5.28603672892743
qam_M16_R50,104,5.44748372120249
qam_M16_R50,108,5.28603672892743
qam_M16_R50,108,5.44748372120249
qam_M16_R50,112,5.28603672892743
qam_M16_R50,112,5.44748372120249
qam_M16_R50,116,5.28603672892743
qam_M16_R50,116,5.44748372120249
qam_M16_R50,120,5.28603672892743
qam_M16_R50,120,5.44748372120249
qam_M16_R50,124,5.28603672892743
qam_M16_R50,124,5.44748372120249
qam_M16_R50,128,5.28603672892743
qam_M16_R50,128,5.44748372120249
qam_M16_R50,132,5.28603672892743
qam_M16_R50,132,5.44748372120249
qam_M16_R50,136,5.28603672892743
qam_M16_R50,136,5.44748372120249
qam_M16_R50,140,5.28603672892743
qam_M16_R50,140,5.44748372120249
qam_M16_R50,144,5.28603672892743
qam_M16_R50,144,5.44748372120249
qam_M16_R50,148,5.28603672892743
qam_M16_R50,148,5.44748372120249
qam_M16_R50,152,5.28603672892743
qam_M16_R50,152,5.44748372120249
qam_M16_R50,156,5.28603672892743
qam_M16_R50,156,5.44748372120249
qam_M16_R50,160,5.28603672892743
qam_M16_R50,160,5.44748372120249
qam_M16_R50,164,5.28603672892743
qam_M16_R50,164,5.44748372120249
qam_M16_R50,168,5.28603672892743
qam_M16_R50,168,5.44748372120249
qam_M16_R50,172,5.28603672892743
qam_M16_R50,172,5.44748372120249
qam_M16_R50,176,5.28603672892743
qam_M16_R50,176,5.44748372120249
qam_M16_R50,180,5.28603672892743
qam_M16_R50,180,5.44748372120249
qam_M16_R50,184,5.28603672892743
qam_M16_R50,184,5.44748372120249
qam_M16_R50,188,5.28603672892743
qam_M16_R50,188,5.44748372120249
qam_M16_R50,192,5.28603672892743
qam_M16_R50,192,5.44748372120249
qam_M16_R50,196,5.28603672892743
qam_M16_R50,196,5.44748372120249
qam_M16_R50,200,5.28603672892743
qam_M16_R50,200,5.44748372120249
qam_M16_R50,204,5.28603672892743
qam_M16_R50,204,5.44748372120249
qam_M16_R50,208,5.28603672892743
qam_M16_R50,208,5.44748372120249
qam_M16_R50,212,5.28603672892743
qam_M16_R50,212,5.44748372120249
qam_M16_R50,216,5.28603672892743
qam_M16_R50,216,5.44748372120249
qam_M16_R50,220,5.28603672892743
qam_M16_R50,220,5.44748372120249
qam_M16_R50,224,5.28603672892743
qam_M16_R50,224,5.44748372120249
qam_M16_R50,228,5.28603672892743
qam_M16_R50,228,5.44748372120249
qam_M16_R50,232,5.28603672892743
qam_M16_R50,232,5.44748372120249
qam_M16_R50,236,5.28603672892743
qam_M16_R50,236,5.44748372120249
qam_M16_R50,240,5.28603672892743
qam_M16_R50,240,5.44748372120249
qam_M16_R50,244,5.28603672892743
qam_M16_R50,244,5.44748372120249
qam_M16_R50,248,5.28603672892743
qam_M16_R50,248,5.44748372120249
qam_M16_R50,252,5.28603672892743
qam_M16_R50,252,5.44748372120249
qam_M16_R50,256,5.28603672892743
qam_M16_R50,256,5.44748372120249
qam_M16_R50,260,5.28603672892743
qam_M16_R50,260,5.44748372120249
qam_M16_R50,264,5.28603672892743
qam_M16_R50,264,5.44748372120249
qam_M16_R50,268,5.28603672892743
qam_M16_R50,268,5.44748372120249
qam_M16_R50,272,5.28603672892743
qam_M16_R50,272,5.44748372120249
qam_M16_R50,276,5.28603672892743
qam_M16_R50,276,5.44748372120249
qam_M16_R50,280,5.28603672892743
qam_M16_R50,280,5.44748372120249
qam_M16_R50,284,5.28603672892743
qam_M16_R50,284,5.44748372120249
qam_M16_R50,288,5.28603672892743
qam_M16_R50,288,5.44748372120249
qam_M16_R50,292,5.28603672892743
qam_M16_R50,292,5.44748372120249
qam_M16_R50,296,5.28603672892743
qam_M16_R50,296,5.44748372120249
qam_M16_R67,100,4.69704811212292
qam_M16_R67,100,8.60739275522697
qam_M16_R67,104,4.69704811212292
qam_M16_R67,104,8.60739275522697
qam_M16_R67,108,4.69704811212292
qam_M16_R67,108,8.60739275522697
qam_M16_R67,112,4.69704811212292
qam_M16_R67,112,8.60739275522697
qam_M16_R67,116,4.69704811212292
qam_M16_R67,116,8.60739275522697
qam_M16_R67,120,4.69704811212292
qam_M16_R67,120,8.60739275522697
qam_M16_R67,124,4.69704811212292
qam_M16_R67,124,8.60739275522697
qam_M16_R67,128,4.69704811212292
qam_M16_R67,128,8.60739275522697
qam_M16_R67,132,4.69704811212292
qam_M16_R67,132,8.60739275522697
qam_M16_R67,136,4.69704811212292
qam_M16_R67,136,8.60739275522697
qam_M16_R67,140,4.69704811212292
qam_M16_R67,140,8.60739275522697
qam_M16_R67,144,4.69704811212292
qam_M16_R67,144,8.60739275522697
qam_M16_R67,148,4.69704811212292
qam_M16_R67,148,8.60739275522697
qam_M16_R67,152,4.69704811212292
qam_M16_R67,152,8.60739275522697
qam_M16_R67,156,4.69704811212292
qam_M16_R67,156,8.60739275522697
qam_M16_R67,160,4.69704811212292
qam_M16_R67,160,8.60739275522697
qam_M16_R67,164,4.69704811212292
qam_M16_R67,164,8.60739275522697
qam_M16_R67,168,4.69704811212292
qam_M16_R67,168,8.60739275522697
qam_M16_R67,172,4.69704811212292
qam_M16_R67,172,8.60739275522697
qam_M16_R67,176,4.69704811212292
qam_M16_R67,176,8.60739275522697
qam_M16_R67,180,4.69704811212292
qam_M16_R67,180,8.60739275522697
qam_M16_R67,184,4.69704811212292
qam_M16_R67,184,8.60739275522697
qam_M16_R67,188,4.69704811212292
qam_M16_R67,188,8.60739275522697
qam_M16_R67,192,4.69704811212292
qam_M16_R67,192,8.60739275522697
qam_M16_R67,196,4.69704811212292
qam_M16_R67,196,8.60739275522697
qam_M16_R67,200,4.69704811212292
qam_M16_R67,200,8.60739275522697
qam_M16_R67,204,4.69704811212292
qam_M16_R67,204,8.60739275522697
qam_M16_R67,208,4.69704811212292
qam_M16_R67,208,8.60739275522697
qam_M16_R67,212,4.69704811212292
qam_M16_R67,212,8.60739275522697
qam_M16_R67,216,4.69704811212292
qam_M16_R67,216,8.60739275522697
qam_M16_R67,220,4.69704811212292
qam_M16_R67,220,8.60739275522697
qam_M16_R67,224,4.69704811212292
qam_M16_R67,224,8.60739275522697
qam_M16_R67,228,4.69704811212292
qam_M16_R67,228,8.60739275522697
qam_M16_R67,232,4.69704811212292
qam_M16_R67,232,8.60739275522697
qam_M16_R67,236,4.69704811212292
qam_M16_R67,236,8.60739275522697
qam_M16_R67,240,4.69704811212292
qam_M16_R67,240,8.60739275522697
qam_M16_R67,244,4.69704811212292
qam_M16_R67,244,8.60739275522697
qam_M16_R67,248,4.69704811212292
qam_M16_R67,248,8.60739275522697
qam_M16_R67,252,4.69704811212292
qam_M16_R67,252,8.60739275522697
qam_M16_R67,256,4.69704811212292
qam_M16_R67,256,8.60739275522697
qam_M16_R67,260,4.69704811212292
qam_M16_R67,260,8.60739275522697
qam_M16_R67,264,4.69704811212292
qam_M16_R67,264,8.60739275522697
qam_M16_R67,268,4.69704811212292
qam_M16_R67,268,8.60739275522697
qam_M16_R67,272,4.69704811212292
qam_M16_R67,272,8.60739275522697
qam_M16_R67,276,4.69704811212292
qam_M16_R67,276,8.60739275522697
qam_M16_R67,280,4.69704811212292
qam_M16_R67,280,8.60739275522697
qam_M16_R67,284,4.69704811212292
qam_M16_R67,284,8.60739275522697
qam_M16_R67,288,4.69704811212292
qam_M16_R67,288,8.60739275522697
qam_M16_R67,292,4.69704811212292
qam_M16_R67,292,8.60739275522697
qam_M16_R67,296,4.69704811212292
qam_M16_R67,296,8.60739275522697
qam_M16_R75,100,3.87731660110502
qam_M16_R75,100,3.90406018057374
qam_M16_R75,104,3.87731660110502
qam_M16_R75,104,3.90406018057374
qam_M16_R75,108,3.87731660110502
qam_M16_R75,108,3.90406018057374
qam_M16_R75,112,3.87731660110502
qam_M16_R75,112,3.90406018057374
qam_M16_R75,116,3.87731660110502
qam_M16_R75,116,3.90406018057374
qam_M16_R75,120,3.87731660110502
qam_M16_R75,120,3.90406018057374
qam_M16_R75,124,3.87731660110502
qam_M16_R75,124,3.90406018057374
qam_M16_R75,128,3.87731660110502
qam_M16_R75,128,3.90406018057374
qam_M16_R75,132,3.87731660110502
qam_M16_R75,132,3.90406018057374
qam_M16_R75,136,3.87731660110502
qam_M16_R75,136,3.90406018057374
qam_M16_R75,140,3.87731660110502
qam_M16_R75,140,3.90406018057374
qam_M16_R75,144,3.87731660110502
qam_M16_R75,144,3.90406018057374
qam_M16_R75,148,3.87731660110502
qam_M16_R75,148,3.90406018057374
qam_M16_R75,152,3.87731660110502
qam_M16_R75,152,3.90406018057374
qam_M16_R75,156,3.87731660110502
qam_M16_R75,156,3.90406018057374
qam_M16_R75,160,3.87731660110502
qam_M16_R75,160,3.90406018057374
qam_M16_R75,164,3.87731660110502
qam_M16_R75,164,3.90406018057374
qam_M16_R75,168,3.87731660110502
qam_M16_R75,168,3.90406018057374
qam_M16_R75,172,3.87731660110502
qam_M16_R75,172,3.90406018057374
qam_M16_R75,176,3.87731660110502
qam_M16_R75,176,3.90406018057374
qam_M16_R75,180,3.87731660110502
qam_M16_R75,180,3.90406018057374
qam_M16_R75,184,3.87731660110502
qam_M16_R75,184,3.90406018057374
qam_M16_R75,188,3.87731660110502
qam_M16_R75,188,3.90406018057374
qam_M16_R75,192,3.87731660110502
qam_M16_R75,192,3.90406018057374
qam_M16_R75,196,3.87731660110502
qam_M16_R75,196,3.90406018057374
qam_M16_R75,200,3.87731660110502
qam_M16_R75,200,3.90406018057374
qam_M16_R75,204,3.87731660110502
qam_M16_R75,204,3.90406018057374
qam_M16_R75,208,3.87731660110502
qam_M16_R75,208,3.90406018057374
qam_M16_R75,212,3.87731660110502
qam_M16_R75,212,3.90406018057374
qam_M16_R75,216,3.87731660110502
qam_M16_R75,216,3.90406018057374
qam_M16_R75,220,3.87731660110502
qam_M16_R75,220,3.90406018057374
qam_M16_R75,224,3.87731660110502
qam_M16_R75,224,3.90406018057374
qam_M16_R75,228,3.87731660110502
qam_M16_R75,228,3.90406018057374
qam_M16_R75,232,3.87731660110502
qam_M16_R75,232,3.90406018057374
qam_M16_R75,236,3.87731660110502
qam_M16_R75,236,3.90406018057374
qam_M16_R75,240,3.87731660110502
qam_M16_R75,240,3.90406018057374
qam_M16_R75,244,3.87731660110502
qam_M16_R75,244,3.90406018057374
qam_M16_R75,248,3.87731660110502
qam_M16_R75,248,3.90406018057374
qam_M16_R75,252,3.87731660110502
qam_M16_R75,252,3.90406018057374
qam_M16_R75,256,3.87731660110502
qam_M16_R75,256,3.90406018057374
qam_M16_R75,260,3.87731660110502
qam_M16_R75,260,3.90406018057374
qam_M16_R75,264,3.87731660110502
qam_M16_R75,264,3.90406018057374
qam_M16_R75,268,3.87731660110502
qam_M16_R75,268,3.90406018057374
qam_M16_R75,272,3.87731660110502
qam_M16_R75,272,3.90406018057374
qam_M16_R75,276,3.87731660110502
qam_M16_R75,276,3.90406018057374
qam_M16_R75,280,3.87731660110502
qam_M16_R75,280,3.90406018057374
qam_M16_R75,284,3.87731660110502
qam_M16_R75,284,3.90406018057374
qam_M16_R75,288,3.87731660110502
qam_M16_R75,288,3.90406018057374
qam_M16_R75,292,3.87731660110502
qam_M16_R75,292,3.90406018057374
qam_M16_R75,296,3.87731660110502
qam_M16_R75,296,3.90406018057374
qam_M64_R50,100,0.0157784856502319
qam_M64_R50,100,-1.18281612197415
qam_M64_R50,104,0.0157784856502319
qam_M64_R50,104,-1.18281612197415
qam_M64_R50,108,0.0157784856502319
qam_M64_R50,108,-1.18281612197415
qam_M64_R50,112,0.0157784856502319
qam_M64_R50,112,-1.18281612197415
qam_M64_R50,116,0.0157784856502319
qam_M64_R50,116,-1.18281612197415
qam_M64_R50,120,0.0157784856502319
qam_M64_R50,120,-1.18281612197415
qam_M64_R50,124,0.0157784856502319
qam_M64_R50,124,-1.18281612197415
qam_M64_R50,128,0.0157784856502319
qam_M64_R50,128,-1.18281612197415
qam_M64_R50,132,0.0157784856502319
qam_M64_R50,132,-1.18281612197415
qam_M64_R50,136,0.0157784856502319
qam_M64_R50,136,-1.18281612197415
qam_M64_R50,140,0.0157784856502319
qam_M64_R50,140,-1.18281612197415
qam_M64_R50,144,0.0157784856502319
qam_M64_R50,144,-1.18281612197415
qam_M64_R50,148,0.0157784856502319
qam_M64_R50,148,-1.18281612197415
qam_M64_R50,152,0.0157784856502319
qam_M64_R50,152,-1.18281612197415
qam_M64_R50,156,0.0157784856502319
qam_M64_R50,156,-1.18281612197415
qam_M64_R50,160,0.0157784856502319
qam_M64_R50,160,-1.18281612197415
qam_M64_R50,164,0.0157784856502319
qam_M64_R50,164,-1.18281612197415
qam_M64_R50,168,0.0157784856502319
qam_M64_R50,168,-1.18281612197415
qam_M64_R50,172,0.0157784856502319
qam_M64_R50,172,-1.18281612197415
qam_M64_R50,176,0.0157784856502319
qam_M64_R50,176,-1.18281612197415
qam_M64_R50,180,0.0157784856502319
qam_M64_R50,180,-1.18281612197415
qam_M64_R50,184,0.0157784856502319
qam_M64_R50,184,-1.18281612197415
qam_M64_R50,188,0.0157784856502319
qam_M64_R50,188,-1.18281612197415
qam_M64_R50,192,0.0157784856502319
qam_M64_R50,192,-1.18281612197415
qam_M64_R50,196,0.0157784856502319
qam_M64_R50,196,-1.18281612197415
qam_M64_R50,200,0.0157784856502319
qam_M64_R50,200,-1.18281612197415
qam_M64_R50,204,0.0157784856502319
qam_M64_R50,204,-1.18281612197415
qam_M64_R50,208,0.0157784856502319
qam_M64_R50,208,-1.18281612197415
qam_M64_R50,212,0.0157784856502319
qam_M64_R50,212,-1.18281612197415
qam_M64_R50,216,0.0157784856502319
qam_M64_R50,216,-1.18281612197415
qam_M64_R50,220,0.0157784856502319
qam_M64_R50,220,-1.18281612197415
qam_M64_R50,224,0.0157784856502319
qam_M64_R50,224,-1.18281612197415
qam_M64_R50,228,0.0157784856502319
qam_M64_R50,228,-1.18281612197415
qam_M64_R50,232,0.0157784856502319
qam_M64_R50,232,-1.18281612197415
qam_M64_R50,236,0.0157784856502319
qam_M64_R50,236,-1.18281612197415
qam_M64_R50,240,0.0157784856502319
qam_M64_R50,240,-1.18281612197415
qam_M64_R50,244,0.0157784856502319
qam_M64_R50,244,-1.18281612197415
qam_M64_R50,248,0.0157784856502319
qam_M64_R50,248,-1.18281612197415
qam_M64_R50,252,0.0157784856502319
qam_M64_R50,252,-1.18281612197415
qam_M64_R50,256,0.0157784856502319
qam_M64_R50,256,-1.18281612197415
qam_M64_R50,260,0.0157784856502319
qam_M64_R50,260,-1.18281612197415
qam_M64_R50,264,0.0157784856502319
qam_M64_R50,264,-1.18281612197415
qam_M64_R50,268,0.0157784856502319
qam_M64_R50,268,-1.18281612197415
qam_M64_R50,272,0.0157784856502319
qam_M64_R50,272,-1.18281612197415
qam_M64_R50,276,0.0157784856502319
qam_M64_R50,276,-1.18281612197415
qam_M64_R50,280,0.0157784856502319
qam_M64_R50,280,-1.18281612197415
qam_M64_R50,284,0.0157784856502319
qam_M64_R50,284,-1.18281612197415
qam_M64_R50,288,0.0157784856502319
qam_M64_R50,288,-1.18281612197415
qam_M64_R50,292,0.0157784856502319
qam_M64_R50,292,-1.18281612197415
qam_M64_R50,296,0.0157784856502319
qam_M64_R50,296,-1.18281612197415
qam_M64_R67,100,6.247006108735
qam_M64_R67,100,5.80433472887558
qam_M64_R67,104,6.247006108735
qam_M64_R67,104,5.80433472887558
qam_M64_R67,108,6.247006108735
qam_M64_R67,108,5.80433472887558
qam_M64_R67,112,6.247006108735
qam_M64_R67,112,5.80433472887558
qam_M64_R67,116,6.247006108735
qam_M64_R67,116,5.80433472887558
qam_M64_R67,120,6.247006108735
qam_M64_R67,120,5.80433472887558
qam_M64_R67,124,6.247006108735
qam_M64_R67,124,5.80433472887558
qam_M64_R67,128,6.247006108735
qam_M64_R67,128,5.80433472887558
qam_M64_R67,132,6.247006108735
qam_M64_R67,132,5.80433472887558
qam_M64_R67,136,6.247006108735
qam_M64_R67,136,5.80433472887558
qam_M64_R67,140,6.247006108735
qam_M64_R67,140,5.80433472887558
qam_M64_R67,144,6.247006108735
qam_M64_R67,144,5.80433472887558
qam_M64_R67,148,6.247006108735
qam_M64_R67,148,5.80433472887558
qam_M64_R67,152,6.247006108735
qam_M64_R67,152,5.80433472887558
qam_M64_R67,156,6.247006108735
qam_M64_R67,156,5.80433472887558
qam_M64_R67,160,6.247006108735
qam_M64_R67,160,5.80433472887558
qam_M64_R67,164,6.247006108735
qam_M64_R67,164,5.80433472887558
qam_M64_R67,168,6.247006108735
qam_M64_R67,168,5.80433472887558
qam_M64_R67,172,6.247006108735
qam_M64_R67,172,5.80433472887558
qam_M64_R67,176,6.247006108735
qam_M64_R67,176,5.80433472887558
qam_M64_R67,180,6.247006108735
qam_M64_R67,180,5.80433472887558
qam_M64_R67,184,6.247006108735
qam_M64_R67,184,5.80433472887558
qam_M64_R67,188,6.247006108735
qam_M64_R67,188,5.80433472887558
qam_M64_R67,192,6.247006108735
qam_M64_R67,192,5.80433472887558
qam_M64_R67,196,6.247006108735
qam_M64_R67,196,5.80433472887558
qam_M64_R67,200,6.247006108735
qam_M64_R67,200,5.80433472887558
qam_M64_R67,204,6.247006108735
qam_M64_R67,204,5.80433472887558
qam_M64_R67,208,6.247006108735
qam_M64_R67,208,5.80433472887558
qam_M64_R67,212,6.247006108735
qam_M64_R67,212,5.80433472887558
qam_M64_R67,216,6.247006108735
qam_M64_R67,216,5.80433472887558
qam_M64_R67,220,6.247006108735
qam_M64_R67,220,5.80433472887558
qam_M64_R67,224,6.247006108735
qam_M64_R67,224,5.80433472887558
qam_M64_R67,228,6.247006108735
qam_M64_R67,228,5.80433472887558
qam_M64_R67,232,6.247006108735
qam_M64_R67,232,5.80433472887558
qam_M64_R67,236,6.247006108735
qam_M64_R67,236,5.80433472887558
qam_M64_R67,240,6.247006108735
qam_M64_R67,240,5.80433472887558
qam_M64_R67,244,6.247006108735
qam_M64_R67,244,5.80433472887558
qam_M64_R67,248,6.247006108735
qam_M64_R67,248,5.80433472887558
qam_M64_R67,252,6.247006108735
qam_M64_R67,252,5.80433472887558
qam_M64_R67,256,6.247006108735
qam_M64_R67,256,5.80433472887558
qam_M64_R67,260,6.247006108735
qam_M64_R67,260,5.80433472887558
qam_M64_R67,264,6.247006108735
qam_M64_R67,264,5.80433472887558
qam_M64_R67,268,6.247006108735
qam_M64_R67,268,5.80433472887558
qam_M64_R67,272,6.247006108735
qam_M64_R67,272,5.80433472887558
qam_M64_R67,276,6.247006108735
qam_M64_R67,276,5.80433472887558
qam_M64_R67,280,6.247006108735
qam_M64_R67,280,5.80433472887558
qam_M64_R67,284,6.247006108735
qam_M64_R67,284,5.80433472887558
qam_M64_R67,288,6.247006108735
qam_M64_R67,288,5.80433472887558
qam_M64_R67,292,6.247006108735
qam_M64_R67,292,5.80433472887558
qam_M64_R67,296,6.247006108735
qam_M64_R67,296,5.80433472887558
qam_M64_R75,100,5.69691257561014
qam_M64_R75,100,5.06370737043894
qam_M64_R75,104,5.69691257561014
qam_M64_R75,104,5.06370737043894
qam_M64_R75,108,5.69691257561014
qam_M64_R75,108,5.06370737043894
qam_M64_R75,112,5.69691257561014
qam_M64_R75,112,5.06370737043894
qam_M64_R75,116,5.69691257561014
qam_M64_R75,116,5.06370737043894
qam_M64_R75,120,5.69691257561014
qam_M64_R75,120,5.06370737043894
qam_M64_R75,124,5.69691257561014
qam_M64_R75,124,5.06370737043894
qam_M64_R75,128,5.69691257561014
qam_M64_R75,128,5.06370737043894
qam_M64_R75,132,5.69691257561014
qam_M64_R75,132,5.06370737043894
qam_M64_R75,136,5.69691257561014
qam_M64_R75,136,5.06370737043894
qam_M64_R75,140,5.69691257561014
qam_M64_R75,140,5.06370737043894
qam_M64_R75,144,5.69691257561014
qam_M64_R75,144,5.06370737043894
qam_M64_R75,148,5.69691257561014
qam_M64_R75,148,5.06370737043894
qam_M64_R75,152,5.69691257561014
qam_M64_R75,152,5.06370737043894
qam_M64_R75,156,5.69691257561014
qam_M64_R75,156,5.06370737043894
qam_M64_R75,160,5.69691257561014
qam_M64_R75,160,5.06370737043894
qam_M64_R75,164,5.69691257561014
qam_M64_R75,164,5.06370737043894
qam_M64_R75,168,5.69691257561014
qam_M64_R75,168,5.06370737043894
qam_M64_R75,172,5.69691257561014
qam_M64_R75,172,5.06370737043894
qam_M64_R75,176,5.69691257561014
qam_M64_R75,176,5.06370737043894
qam_M64_R75,180,5.69691257561014
qam_M64_R75,180,5.06370737043894
qam_M64_R75,184,5.69691257561014
qam_M64_R75,184,5.06370737043894
qam_M64_R75,188,5.69691257561014
qam_M64_R75,188,5.06370737043894
qam_M64_R75,192,5.69691257561014
qam_M64_R75,192,5.06370737043894
qam_M64_R75,196,5.69691257561014
qam_M64_R75,196,5.06370737043894
qam_M64_R75,200,5.69691257561014
qam_M64_R75,200,5.06370737043894
qam_M64_R75,204,5.69691257561014
qam_M64_R75,204,5.06370737043894
qam_M64_R75,208,5.69691257561014
qam_M64_R75,208,5.06370737043894
qam_M64_R75,212,5.69691257561014
qam_M64_R75,212,5.06370737043894
qam_M64_R75,216,5.69691257561014
qam_M64_R75,216,5.06370737043894
qam_M64_R75,220,5.69691257561014
qam_M64_R75,220,5.06370737043894
qam_M64_R75,224,5.69691257561014
qam_M64_R75,224,5.06370737043894
qam_M64_R75,228,5.69691257561014
qam_M64_R75,228,5.06370737043894
qam_M64_R75,232,5.69691257561014
qam_M64_R75,232,5.06370737043894
qam_M64_R75,236,5.69691257561014
qam_M64_R75,236,5.06370737043894
qam_M64_R75,240,5.69691257561014
qam_M64_R75,240,5.06370737043894
qam_M64_R75,244,5.69691257561014
qam_M64_R75,244,5.06370737043894
qam_M64_R75,248,5.69691257561014
qam_M64_R75,248,5.06370737043894
qam_M64_R75,252,5.69691257561014
qam_M64_R75,252,5.06370737043894
qam_M64_R75,256,5.69691257561014
qam_M64_R75,256,5.06370737043894
qam_M64_R75,260,5.69691257561014
qam_M64_R75,260,5.06370737043894
qam_M64_R75,264,5.69691257561014
qam_M64_R75,264,5.06370737043894
qam_M64_R75,268,5.69691257561014
qam_M64_R75,268,5.06370737043894
qam_M64_R75,272,5.69691257561014
qam_M64_R75,272,5.06370737043894
qam_M64_R75,276,5.69691257561014
qam_M64_R75,276,5.06370737043894
qam_M64_R75,280,5.69691257561014
qam_M64_R75,280,5.06370737043894
qam_M64_R75,284,5.69691257561014
qam_M64_R75,284,5.06370737043894
qam_M64_R75,288,5.69691257561014
qam_M64_R75,288,5.06370737043894
qam_M64_R75,292,5.69691257561014
qam_M64_R75,292,5.06370737043894
qam_M64_R75,296,5.69691257561014
qam_M64_R75,296,5.06370737043894
qam_M256_R50,100,6.2855048452647
qam_M256_R50,100,6.79548977361456
qam_M256_R50,104,6.2855048452647
qam_M256_R50,104,6.79548977361456
qam_M256_R50,108,6.2855048452647
qam_M256_R50,108,6.79548977361456
qam_M256_R50,112,6.2855048452647
qam_M256_R50,112,6.79548977361456
qam_M256_R50,116,6.2855048452647
qam_M256_R50,116,6.79548977361456
qam_M256_R50,120,6.2855048452647
qam_M256_R50,120,6.79548977361456
qam_M256_R50,124,6.2855048452647
qam_M256_R50,124,6.79548977361456
qam_M256_R50,128,6.2855048452647
qam_M256_R50,128,6.79548977361456
qam_M256_R50,132,6.2855048452647
qam_M256_R50,132,6.79548977361456
qam_M256_R50,136,6.2855048452647
qam_M256_R50,136,6.79548977361456
qam_M256_R50,140,6.2855048452647
qam_M256_R50,140,6.79548977361456
qam_M256_R50,144,6.2855048452647
qam_M256_R50,144,6.79548977361456
qam_M256_R50,148,6.2855048452647
qam_M256_R50,148,6.79548977361456
qam_M256_R50,152,6.2855048452647
qam_M256_R50,152,6.79548977361456
qam_M256_R50,156,6.2855048452647
qam_M256_R50,156,6.79548977361456
qam_M256_R50,160,6.2855048452647
qam_M256_R50,160,6.79548977361456
qam_M256_R50,164,6.2855048452647
qam_M256_R50,164,6.79548977361456
qam_M256_R50,168,6.2855048452647
qam_M256_R50,168,6.79548977361456
qam_M256_R50,172,6.2855048452647
qam_M256_R50,172,6.79548977361456
qam_M256_R50,176,6.2855048452647
qam_M256_R50,176,6.79548977361456
qam_M256_R50,180,6.2855048452647
qam_M256_R50,180,6.79548977361456
qam_M256_R50,184,6.2855048452647
qam_M256_R50,184,6.79548977361456
qam_M256_R50,188,6.2855048452647
qam_M256_R50,188,6.79548977361456
qam_M256_R50,192,6.2855048452647
qam_M256_R50,192,6.79548977361456
qam_M256_R50,196,6.2855048452647
qam_M256_R50,196,6.79548977361456
qam_M256_R50,200,6.2855048452647
qam_M256_R50,200,6.79548977361456
qam_M256_R50,204,6.2855048452647
qam_M256_R50,204,6.79548977361456
qam_M256_R50,208,6.2855048452647
qam_M256_R50,208,6.79548977361456
qam_M256_R50,212,6.2855048452647
qam_M256_R50,212,6.79548977361456
qam_M256_R50,216,6.2855048452647
qam_M256_R50,216,6.79548977361456
qam_M256_R50,220,6.2855048452647
qam_M256_R50,220,6.79548977361456
qam_M256_R50,224,6.2855048452647
qam_M256_R50,224,6.79548977361456
qam_M256_R50,228,6.2855048452647
qam_M256_R50,228,6.79548977361456
qam_M256_R50,232,6.2855048452647
qam_M256_R50,232,6.79548977361456
qam_M256_R50,236,6.2855048452647
qam_M256_R50,236,6.79548977361456
qam_M256_R50,240,6.2855048452647
qam_M256_R50,240,6.79548977361456
qam_M256_R50,244,6.2855048452647
qam_M256_R50,244,6.79548977361456
qam_M256_R50,248,6.2855048452647
qam_M256_R50,248,6.79548977361456
qam_M256_R50,252,6.2855048452647
qam_M256_R50,252,6.79548977361456
qam_M256_R50,256,6.2855048452647
qam_M256_R50,256,6.79548977361456
qam_M256_R50,260,6.2855048452647
qam_M256_R50,260,6.79548977361456
qam_M256_R50,264,6.2855048452647
qam_M256_R50,264,6.79548977361456
qam_M256_R50,268,6.2855048452647
qam_M256_R50,268,6.79548977361456
qam_M256_R50,272,6.2855048452647
qam_M256_R50,272,6.79548977361456
qam_M256_R50,276,6.2855048452647
qam_M256_R50,276,6.79548977361456
qam_M256_R50,280,6.2855048452647
qam_M256_R50,280,6.79548977361456
qam_M256_R50,284,6.2855048452647
qam_M256_R50,284,6.79548977361456
qam_M256_R50,288,6.2855048452647
qam_M256_R50,288,6.79548977361456
qam_M256_R50,292,6.2855048452647
qam_M256_R50,292,6.79548977361456
qam_M256_R50,296,6.2855048452647
qam_M256_R50,296,6.79548977361456
qam_M256_R67,100,3.61552993938691
qam_M256_R67,100,5.66264658445407
qam_M256_R67,104,3.61552993938691
qam_M256_R67,104,5.66264658445407
qam_M256_R67,108,3.61552993938691
qam_M256_R67,108,5.66264658445407
qam_M256_R67,112,3.61552993938691
qam_M256_R67,112,5.66264658445407
qam_M256_R67,116,3.61552993938691
qam_M256_R67,116,5.66264658445407
qam_M256_R67,120,3.61552993938691
qam_M256_R67,120,5.66264658445407
qam_M256_R67,124,3.61552993938691
qam_M256_R67,124,5.66264658445407
qam_M256_R67,128,3.61552993938691
qam_M256_R67,128,5.66264658445407
qam_M256_R67,132,3.61552993938691
qam_M256_R67,132,5.66264658445407
qam_M256_R67,136,3.61552993938691
qam_M256_R67,136,5.66264658445407
qam_M256_R67,140,3.61552993938691
qam_M256_R67,140,5.66264658445407
qam_M256_R67,144,3.61552993938691
qam_M256_R67,144,5.66264658445407
qam_M256_R67,148,3.61552993938691
qam_M256_R67,148,5.66264658445407
qam_M256_R67,152,3.61552993938691
qam_M256_R67,152,5.66264658445407
qam_M256_R67,156,3.61552993938691
qam_M256_R67,156,5.66264658445407
qam_M256_R67,160,3.61552993938691
qam_M256_R67,160,5.66264658445407
qam_M256_R67,164,3.61552993938691
qam_M256_R67,164,5.66264658445407
qam_M256_R67,168,3.61552993938691
qam_M256_R67,168,5.66264658445407
qam_M256_R67,172,3.61552993938691
qam_M256_R67,172,5.66264658445407
qam_M256_R67,176,3.61552993938691
qam_M256_R67,176,5.66264658445407
qam_M256_R67,180,3.61552993938691
qam_M256_R67,180,5.66264658445407
qam_M256_R67,184,3.61552993938691
qam_M256_R67,184,5.66264658445407
qam_M256_R67,188,3.61552993938691
qam_M256_R67,188,5.66264658445407
qam_M256_R67,192,3.61552993938691
qam_M256_R67,192,5.66264658445407
qam_M256_R67,196,3.61552993938691
qam_M256_R67,196,5.66264658445407
qam_M256_R67,200,3.61552993938691
qam_M256_R67,200,5.66264658445407
qam_M256_R67,204,3.61552993938691
qam_M256_R67,204,5.66264658445407
qam_M256_R67,208,3.61552993938691
qam_M256_R67,208,5.66264658445407
qam_M256_R67,212,3.61552993938691
qam_M256_R67,212,5.66264658445407
qam_M256_R67,216,3.61552993938691
qam_M256_R67,216,5.66264658445407
qam_M256_R67,220,3.61552993938691
qam_M256_R67,220,5.66264658445407
qam_M256_R67,224,3.61552993938691
qam_M256_R67,224,5.66264658445407
qam_M256_R67,228,3.61552993938691
qam_M256_R67,228,5.66264658445407
qam_M256_R67,232,3.61552993938691
qam_M256_R67,232,5.66264658445407
qam_M256_R67,236,3.61552993938691
qam_M256_R67,236,5.66264658445407
qam_M256_R67,240,3.61552993938691
qam_M256_R67,240,5.66264658445407
qam_M256_R67,244,3.61552993938691
qam_M256_R67,244,5.66264658445407
qam_M256_R67,248,3.61552993938691
qam_M256_R67,248,5.66264658445407
qam_M256_R67,252,3.61552993938691
qam_M256_R67,252,5.66264658445407
qam_M256_R67,256,3.61552993938691
qam_M256_R67,256,5.66264658445407
qam_M256_R67,260,3.61552993938691
qam_M256_R67,260,5.66264658445407
qam_M256_R67,264,3.61552993938691
qam_M256_R67,264,5.66264658445407
qam_M256_R67,268,3.61552993938691
qam_M256_R67,268,5.66264658445407
qam_M256_R67,272,3.61552993938691
qam_M256_R67,272,5.66264658445407
qam_M256_R67,276,3.61552993938691
qam_M256_R67,276,5.66264658445407
qam_M256_R67,280,3.61552993938691
qam_M256_R67,280,5.66264658445407
qam_M256_R67,284,3.61552993938691
qam_M256_R67,284,5.66264658445407
qam_M256_R67,288,3.61552993938691
qam_M256_R67,288,5.66264658445407
qam_M256_R67,292,3.61552993938691
qam_M256_R67,292,5.66264658445407
qam_M256_R67,296,3.61552993938691
qam_M256_R67,296,5.66264658445407
qam_M256_R75,100,4.65627500844996
qam_M256_R75,100,5.48423869327068
qam_M256_R75,104,4.65627500844996
qam_M256_R75,104,5.48423869327068
qam_M256_R75,108,4.65627500844996
qam_M256_R75,108,5.48423869327068
qam_M256_R75,112,4.65627500844996
qam_M256_R75,112,5.48423869327068
qam_M256_R75,116,4.65627500844996
qam_M256_R75,116,5.48423869327068
qam_M256_R75,120,4.65627500844996
qam_M256_R75,120,5.48423869327068
qam_M256_R75,124,4.65627500844996
qam_M256_R75,124,5.48423869327068
qam_M256_R75,128,4.65627500844996
qam_M256_R75,128,5.48423869327068
qam_M256_R75,132,4.65627500844996
qam_M256_R75,132,5.48423869327068
qam_M256_R75,136,4.65627500844996
qam_M256_R75,136,5.48423869327068
qam_M256_R75,140,4.65627500844996
qam_M256_R75,140,5.48423869327068
qam_M256_R75,144,4.65627500844996
qam_M256_R75,144,5.48423869327068
qam_M256_R75,148,4.65627500844996
qam_M256_R75,148,5.48423869327068
qam_M256_R75,152,4.65627500844996
qam_M256_R75,152,5.48423869327068
qam_M256_R75,156,4.65627500844996
qam_M256_R75,156,5.48423869327068
qam_M256_R75,160,4.65627500844996
qam_M256_R75,160,5.48423869327068
qam_M256_R75,164,4.65627500844996
qam_M256_R75,164,5.48423869327068
qam_M256_R75,168,4.65627500844996
qam_M256_R75,168,5.48423869327068
qam_M256_R75,172,4.65627500844996
qam_M256_R75,172,5.48423869327068
qam_M256_R75,176,4.65627500844996
qam_M256_R75,176,5.48423869327068
qam_M256_R75,180,4.65627500844996
qam_M256_R75,180,5.48423869327068
qam_M256_R75,184,4.65627500844996
qam_M256_R75,184,5.48423869327068
qam_M256_R75,188,4.65627500844996
qam_M256_R75,188,5.48423869327068
qam_M256_R75,192,4.65627500844996
qam_M256_R75,192,5.48423869327068
qam_M256_R75,196,4.65627500844996
qam_M256_R75,196,5.48423869327068
qam_M256_R75,200,4.65627500844996
qam_M256_R75,200,5.48423869327068
qam_M256_R75,204,4.65627500844996
qam_M256_R75,204,5.48423869327068
qam_M256_R75,208,4.65627500844996
qam_M256_R75,208,5.48423869327068
qam_M256_R75,212,4.65627500844996
qam_M256_R75,212,5.48423869327068
qam_M256_R75,216,4.65627500844996
qam_M256_R75,216,5.48423869327068
qam_M256_R75,220,4.65627500844996
qam_M256_R75,220,5.48423869327068
qam_M256_R75,224,4.65627500844996
qam_M256_R75,224,5.48423869327068
qam_M256_R75,228,4.65627500844996
qam_M256_R75,228,5.48423869327068
qam_M256_R75,232,4.65627500844996
qam_M256_R75,232,5.48423869327068
qam_M256_R75,236,4.65627500844996
qam_M256_R75,236,5.48423869327068
qam_M256_R75,240,4.65627500844996
qam_M256_R75,240,5.48423869327068
qam_M256_R75,244,4.65627500844996
qam_M256_R75,244,5.48423869327068
qam_M256_R75,248,4.65627500844996
qam_M256_R75,248,5.48423869327068
qam_M256_R75,252,4.65627500844996
qam_M256_R75,252,5.48423869327068
qam_M256_R75,256,4.65627500844996
qam_M256_R75,256,5.48423869327068
qam_M256_R75,260,4.65627500844996
qam_M256_R75,260,5.48423869327068
qam_M256_R75,264,4.65627500844996
qam_M256_R75,264,5.48423869327068
qam_M256_R75,268,4.65627500844996
qam_M256_R75,268,5.48423869327068
qam_M256_R75,272,4.65627500844996
qam_M256_R75,272,5.48423869327068
qam_M256_R75,276,4.65627500844996
qam_M256_R75,276,5.48423869327068
qam_M256_R75,280,4.65627500844996
qam_M256_R75,280,5.48423869327068
qam_M256_R75,284,4.65627500844996
qam_M256_R75,284,5.48423869327068
qam_M256_R75,288,4.65627500844996
qam_M256_R75,288,5.48423869327068
qam_M256_R75,292,4.65627500844996
qam_M256_R75,292,5.48423869327068
qam_M256_R75,296,4.65627500844996
qam_M256_R75,296,5.48423869327068
psk_M2_R50,100,5.00532761989025
psk_M2_R50,100,5.34575933938738
psk_M2_R50,104,5.00532761989025
psk_M2_R50,104,5.34575933938738
psk_M2_R50,108,5.00532761989025
psk_M2_R50,108,5.34575933938738
psk_M2_R50,112,5.00532761989025
psk_M2_R50,112,5.34575933938738
psk_M2_R50,116,5.00532761989025
psk_M2_R50,116,5.34575933938738
psk_M2_R50,120,5.00532761989025
psk_M2_R50,120,5.34575933938738
psk_M2_R50,124,5.00532761989025
psk_M2_R50,124,5.34575933938738
psk_M2_R50,128,5.00532761989025
psk_M2_R50,128,5.34575933938738
psk_M2_R50,132,5.00532761989025
psk_M2_R50,132,5.34575933938738
psk_M2_R50,136,5.00532761989025
psk_M2_R50,136,5.34575933938738
psk_M2_R50,140,5.00532761989025
psk_M2_R50,140,5.34575933938738
psk_M2_R50,144,5.00532761989025
psk_M2_R50,144,5.34575933938738
psk_M2_R50,148,5.00532761989025
psk_M2_R50,148,5.34575933938738
psk_M2_R50,152,5.00532761989025
psk_M2_R50,152,5.34575933938738
psk_M2_R50,156,5.00532761989025
psk_M2_R50,156,5.34575933938738
psk_M2_R50,160,5.00532761989025
psk_M2_R50,160,5.34575933938738
psk_M2_R50,164,5.00532761989025
psk_M2_R50,164,5.34575933938738
psk_M2_R50,168,5.00532761989025
psk_M2_R50,168,5.34575933938738
psk_M2_R50,172,5.00532761989025
psk_M2_R50,172,5.34575933938738
psk_M2_R50,176,5.00532761989025
psk_M2_R50,176,5.34575933938738
psk_M2_R50,180,5.00532761989025
psk_M2_R50,180,5.34575933938738
psk_M2_R50,184,5.00532761989025
psk_M2_R50,184,5.34575933938738
psk_M2_R50,188,5.00532761989025
psk_M2_R50,188,5.34575933938738
psk_M2_R50,192,5.00532761989025
psk_M2_R50,192,5.34575933938738
psk_M2_R50,196,5.00532761989025
psk_M2_R50,196,5.34575933938738
psk_M2_R50,200,5.00532761989025
psk_M2_R50,200,5.34575933938738
psk_M2_R50,204,5.00532761989025
psk_M2_R50,204,5.34575933938738
psk_M2_R50,208,5.00532761989025
psk_M2_R50,208,5.34575933938738
psk_M2_R50,212,5.00532761989025
psk_M2_R50,212,5.34575933938738
psk_M2_R50,216,5.00532761989025
psk_M2_R50,216,5.34575933938738
psk_M2_R50,220,5.00532761989025
psk_M2_R50,220,5.34575933938738
psk_M2_R50,224,5.00532761989025
psk_M2_R50,224,5.34575933938738
psk_M2_R50,228,5.00532761989025
psk_M2_R50,228,5.34575933938738
psk_M2_R50,232,5.00532761989025
psk_M2_R50,232,5.34575933938738
psk_M2_R50,236,5.00532761989025
psk_M2_R50,236,5.34575933938738
psk_M2_R50,240,5.00532761989025
psk_M2_R50,240,5.34575933938738
psk_M2_R50,244,5.00532761989025
psk_M2_R50,244,5.34575933938738
psk_M2_R50,248,5.00532761989025
psk_M2_R50,248,5.34575933938738
psk_M2_R50,252,5.00532761989025
psk_M2_R50,252,5.34575933938738
psk_M2_R50,256,5.00532761989025
psk_M2_R50,256,5.34575933938738
psk_M2_R50,260,5.00532761989025
psk_M2_R50,260,5.34575933938738
psk_M2_R50,264,5.00532761989025
psk_M2_R50,264,5.34575933938738
psk_M2_R50,268,5.00532761989025
psk_M2_R50,268,5.34575933938738
psk_M2_R50,272,5.00532761989025
psk_M2_R50,272,5.34575933938738
psk_M2_R50,276,5.00532761989025
psk_M2_R50,276,5.34575933938738
psk_M2_R50,280,5.00532761989025
psk_M2_R50,280,5.34575933938738
psk_M2_R50,284,5.00532761989025
psk_M2_R50,284,5.34575933938738
psk_M2_R50,288,5.00532761989025
psk_M2_R50,288,5.34575933938738
psk_M2_R50,292,5.00532761989025
psk_M2_R50,292,5.34575933938738
psk_M2_R50,296,5.00532761989025
psk_M2_R50,296,5.34575933938738
psk_M2_R67,100,-0.0307932499979811
psk_M2_R67,100,6.23640538908952
psk_M2_R67,104,-0.0307932499979811
psk_M2_R67,104,6.23640538908952
psk_M2_R67,108,-0.0307932499979811
psk_M2_R67,108,6.23640538908952
psk_M2_R67,112,-0.0307932499979811
psk_M2_R67,112,6.23640538908952
psk_M2_R67,116,-0.0307932499979811
psk_M2_R67,116,6.23640538908952
psk_M2_R67,120,-0.0307932499979811
psk_M2_R67,120,6.23640538908952
psk_M2_R67,124,-0.0307932499979811
psk_M2_R67,124,6.23640538908952
psk_M2_R67,128,-0.0307932499979811
psk_M2_R67,128,6.23640538908952
psk_M2_R67,132,-0.0307932499979811
psk_M2_R67,132,6.23640538908952
psk_M2_R67,136,-0.0307932499979811
psk_M2_R67,136,6.23640538908952
psk_M2_R67,140,-0.0307932499979811
psk_M2_R67,140,6.23640538908952
psk_M2_R67,144,-0.0307932499979811
psk_M2_R67,144,6.23640538908952
psk_M2_R67,148,-0.0307932499979811
psk_M2_R67,148,6.23640538908952
psk_M2_R67,152,-0.0307932499979811
psk_M2_R67,152,6.23640538908952
psk_M2_R67,156,-0.0307932499979811
psk_M2_R67,156,6.23640538908952
psk_M2_R67,160,-0.0307932499979811
psk_M2_R67,160,6.23640538908952
psk_M2_R67,164,-0.0307932499979811
psk_M2_R67,164,6.23640538908952
psk_M2_R67,168,-0.0307932499979811
psk_M2_R67,168,6.23640538908952
psk_M2_R67,172,-0.0307932499979811
psk_M2_R67,172,6.23640538908952
psk_M2_R67,176,-0.0307932499979811
psk_M2_R67,176,6.23640538908952
psk_M2_R67,180,-0.0307932499979811
psk_M2_R67,180,6.23640538908952
psk_M2_R67,184,-0.0307932499979811
psk_M2_R67,184,6.23640538908952
psk_M2_R67,188,-0.0307932499979811
psk_M2_R67,188,6.23640538908952
psk_M2_R67,192,-0.0307932499979811
psk_M2_R67,192,6.23640538908952
psk_M2_R67,196,-0.0307932499979811
psk_M2_R67,196,6.23640538908952
psk_M2_R67,200,-0.0307932499979811
psk_M2_R67,200,6.23640538908952
psk_M2_R67,204,-0.0307932499979811
psk_M2_R67,204,6.23640538908952
psk_M2_R67,208,-0.0307932499979811
psk_M2_R67,208,6.23640538908952
psk_M2_R67,212,-0.0307932499979811
psk_M2_R67,212,6.23640538908952
psk_M2_R67,216,-0.0307932499979811
psk_M2_R67,216,6.23640538908952
psk_M2_R67,220,-0.0307932499979811
psk_M2_R67,220,6.23640538908952
psk_M2_R67,224,-0.0307932499979811
psk_M2_R67,224,6.23640538908952
psk_M2_R67,228,-0.0307932499979811
psk_M2_R67,228,6.23640538908952
psk_M2_R67,232,-0.0307932499979811
psk_M2_R67,232,6.23640538908952
psk_M2_R67,236,-0.0307932499979811
psk_M2_R67,236,6.23640538908952
psk_M2_R67,240,-0.0307932499979811
psk_M2_R67,240,6.23640538908952
psk_M2_R67,244,-0.0307932499979811
psk_M2_R67,244,6.23640538908952
psk_M2_R67,248,-0.0307932499979811
psk_M2_R67,248,6.23640538908952
psk_M2_R67,252,-0.0307932499979811
psk_M2_R67,252,6.23640538908952
psk_M2_R67,256,-0.0307932499979811
psk_M2_R67,256,6.23640538908952
psk_M2_R67,260,-0.0307932499979811
psk_M2_R67,260,6.23640538908952
psk_M2_R67,264,-0.0307932499979811
psk_M2_R67,264,6.23640538908952
psk_M2_R67,268,-0.0307932499979811
psk_M2_R67,268,6.23640538908952
psk_M2_R67,272,-0.0307932499979811
psk_M2_R67,272,6.23640538908952
psk_M2_R67,276,-0.0307932499979811
psk_M2_R67,276,6.23640538908952
psk_M2_R67,280,-0.0307932499979811
psk_M2_R67,280,6.23640538908952
psk_M2_R67,284,-0.0307932499979811
psk_M2_R67,284,6.23640538908952
psk_M2_R67,288,-0.0307932499979811
psk_M2_R67,288,6.23640538908952
psk_M2_R67,292,-0.0307932499979811
psk_M2_R67,292,6.23640538908952
psk_M2_R67,296,-0.0307932499979811
psk_M2_R67,296,6.23640538908952
psk_M2_R75,100,7.09048944501644
psk_M2_R75,100,1.68005021136169
psk_M2_R75,104,7.09048944501644
psk_M2_R75,104,1.68005021136169
psk_M2_R75,108,7.09048944501644
psk_M2_R75,108,1.68005021136169
psk_M2_R75,112,7.09048944501644
psk_M2_R75,112,1.68005021136169
psk_M2_R75,116,7.09048944501644
psk_M2_R75,116,1.68005021136169
psk_M2_R75,120,7.09048944501644
psk_M2_R75,120,1.68005021136169
psk_M2_R75,124,7.09048944501644
psk_M2_R75,124,1.68005021136169
psk_M2_R75,128,7.09048944501644
psk_M2_R75,128,1.68005021136169
psk_M2_R75,132,7.09048944501644
psk_M2_R75,132,1.68005021136169
psk_M2_R75,136,7.09048944501644
psk_M2_R75,136,1.68005021136169
psk_M2_R75,140,7.09048944501644
psk_M2_R75,140,1.68005021136169
psk_M2_R75,144,7.09048944501644
psk_M2_R75,144,1.68005021136169
psk_M2_R75,148,7.09048944501644
psk_M2_R75,148,1.68005021136169
psk_M2_R75,152,7.09048944501644
psk_M2_R75,152,1.68005021136169
psk_M2_R75,156,7.09048944501644
psk_M2_R75,156,1.68005021136169
psk_M2_R75,160,7.09048944501644
psk_M2_R75,160,1.68005021136169
psk_M2_R75,164,7.09048944501644
psk_M2_R75,164,1.68005021136169
psk_M2_R75,168,7.09048944501644
psk_M2_R75,168,1.68005021136169
psk_M2_R75,172,7.09048944501644
psk_M2_R75,172,1.68005021136169
psk_M2_R75,176,7.09048944501644
psk_M2_R75,176,1.68005021136169
psk_M2_R75,180,7.09048944501644
psk_M2_R75,180,1.68005021136169
psk_M2_R75,184,7.09048944501644
psk_M2_R75,184,1.68005021136169
psk_M2_R75,188,7.09048944501644
psk_M2_R75,188,1.68005021136169
psk_M2_R75,192,7.09048944501644
psk_M2_R75,192,1.68005021136169
psk_M2_R75,196,7.09048944501644
psk_M2_R75,196,1.68005021136169
psk_M2_R75,200,7.09048944501644
psk_M2_R75,200,1.68005021136169
psk_M2_R75,204,7.09048944501644
psk_M2_R75,204,1.68005021136169
psk_M2_R75,208,7.09048944501644
psk_M2_R75,208,1.68005021136169
psk_M2_R75,212,7.09048944501644
psk_M2_R75,212,1.68005021136169
psk_M2_R75,216,7.09048944501644
psk_M2_R75,216,1.68005021136169
psk_M2_R75,220,7.09048944501644
psk_M2_R75,220,1.68005021136169
psk_M2_R75,224,7.09048944501644
psk_M2_R75,224,1.68005021136169
psk_M2_R75,228,7.09048944501644
psk_M2_R75,228,1.68005021136169
psk_M2_R75,232,7.09048944501644
psk_M2_R75,232,1.68005021136169
psk_M2_R75,236,7.09048944501644
psk_M2_R75,236,1.68005021136169
psk_M2_R75,240,7.09048944501644
psk_M2_R75,240,1.68005021136169
psk_M2_R75,244,7.09048944501644
psk_M2_R75,244,1.68005021136169
psk_M2_R75,248,7.09048944501644
psk_M2_R75,248,1.68005021136169
psk_M2_R75,252,7.09048944501644
psk_M2_R75,252,1.68005021136169
psk_M2_R75,256,7.09048944501644
psk_M2_R75,256,1.68005021136169
psk_M2_R75,260,7.09048944501644
psk_M2_R75,260,1.68005021136169
psk_M2_R75,264,7.09048944501644
psk_M2_R75,264,1.68005021136169
psk_M2_R75,268,7.09048944501644
psk_M2_R75,268,1.68005021136169
psk_M2_R75,272,7.09048944501644
psk_M2_R75,272,1.68005021136169
psk_M2_R75,276,7.09048944501644
psk_M2_R75,276,1.68005021136169
psk_M2_R75,280,7.09048944501644
psk_M2_R75,280,1.68005021136169
psk_M2_R75,284,7.09048944501644
psk_M2_R75,284,1.68005021136169
psk_M2_R75,288,7.09048944501644
psk_M2_R75,288,1.68005021136169
psk_M2_R75,292,7.09048944501644
psk_M2_R75,292,1.68005021136169
psk_M2_R75,296,7.09048944501644
psk_M2_R75,296,1.68005021136169
psk_M4_R50,100,5.86786309187038
psk_M4_R50,100,4.28810268313202
psk_M4_R50,104,5.86786309187038
psk_M4_R50,104,4.28810268313202
psk_M4_R50,108,5.86786309187038
psk_M4_R50,108,4.28810268313202
psk_M4_R50,112,5.86786309187038
psk_M4_R50,112,4.28810268313202
psk_M4_R50,116,5.86786309187038
psk_M4_R50,116,4.28810268313202
psk_M4_R50,120,5.86786309187038
psk_M4_R50,120,4.28810268313202
psk_M4_R50,124,5.86786309187038
psk_M4_R50,124,4.28810268313202
psk_M4_R50,128,5.86786309187038
psk_M4_R50,128,4.28810268313202
psk_M4_R50,132,5.86786309187038
psk_M4_R50,132,4.28810268313202
psk_M4_R50,136,5.86786309187038
psk_M4_R50,136,4.28810268313202
psk_M4_R50,140,5.86786309187038
psk_M4_R50,140,4.28810268313202
psk_M4_R50,144,5.86786309187038
psk_M4_R50,144,4.28810268313202
psk_M4_R50,148,5.86786309187038
psk_M4_R50,148,4.28810268313202
psk_M4_R50,152,5.86786309187038
psk_M4_R50,152,4.28810268313202
psk_M4_R50,156,5.86786309187038
psk_M4_R50,156,4.28810268313202
psk_M4_R50,160,5.86786309187038
psk_M4_R50,160,4.28810268313202
psk_M4_R50,164,5.86786309187038
psk_M4_R50,164,4.28810268313202
psk_M4_R50,168,5.86786309187038
psk_M4_R50,168,4.28810268313202
psk_M4_R50,172,5.86786309187038
psk_M4_R50,172,4.28810268313202
psk_M4_R50,176,5.86786309187038
psk_M4_R50,176,4.28810268313202
psk_M4_R50,180,5.86786309187038
psk_M4_R50,180,4.28810268313202
psk_M4_R50,184,5.86786309187038
psk_M4_R50,184,4.28810268313202
psk_M4_R50,188,5.86786309187038
psk_M4_R50,188,4.28810268313202
psk_M4_R50,192,5.86786309187038
psk_M4_R50,192,4.28810268313202
psk_M4_R50,196,5.86786309187038
psk_M4_R50,196,4.28810268313202
psk_M4_R50,200,5.86786309187038
psk_M4_R50,200,4.28810268313202
psk_M4_R50,204,5.86786309187038
psk_M4_R50,204,4.28810268313202
psk_M4_R50,208,5.86786309187038
psk_M4_R50,208,4.28810268313202
psk_M4_R50,212,5.86786309187038
psk_M4_R50,212,4.28810268313202
psk_M4_R50,216,5.86786309187038
psk_M4_R50,216,4.28810268313202
psk_M4_R50,220,5.86786309187038
psk_M4_R50,220,4.28810268313202
psk_M4_R50,224,5.86786309187038
psk_M4_R50,224,4.28810268313202
psk_M4_R50,228,5.86786309187038
psk_M4_R50,228,4.28810268313202
psk_M4_R50,232,5.86786309187038
psk_M4_R50,232,4.28810268313202
psk_M4_R50,236,5.86786309187038
psk_M4_R50,236,4.28810268313202
psk_M4_R50,240,5.86786309187038
psk_M4_R50,240,4.28810268313202
psk_M4_R50,244,5.86786309187038
psk_M4_R50,244,4.28810268313202
psk_M4_R50,248,5.86786309187038
psk_M4_R50,248,4.28810268313202
psk_M4_R50,252,5.86786309187038
psk_M4_R50,252,4.28810268313202
psk_M4_R50,256,5.86786309187038
psk_M4_R50,256,4.28810268313202
psk_M4_R50,260,5.86786309187038
psk_M4_R50,260,4.28810268313202
psk_M4_R50,264,5.86786309187038
psk_M4_R50,264,4.28810268313202
psk_M4_R50,268,5.86786309187038
psk_M4_R50,268,4.28810268313202
psk_M4_R50,272,5.86786309187038
psk_M4_R50,272,4.28810268313202
psk_M4_R50,276,5.86786309187038
psk_M4_R50,276,4.28810268313202
psk_M4_R50,280,5.86786309187038
psk_M4_R50,280,4.28810268313202
psk_M4_R50,284,5.86786309187038
psk_M4_R50,284,4.28810268313202
psk_M4_R50,288,5.86786309187038
psk_M4_R50,288,4.28810268313202
psk_M4_R50,292,5.86786309187038
psk_M4_R50,292,4.28810268313202
psk_M4_R50,296,5.86786309187038
psk_M4_R50,296,4.28810268313202
psk_M4_R67,100,4.26315666753119
psk_M4_R67,100,5.45909162491464
psk_M4_R67,104,4.26315666753119
psk_M4_R67,104,5.45909162491464
psk_M4_R67,108,4.26315666753119
psk_M4_R67,108,5.45909162491464
psk_M4_R67,112,4.26315666753119
psk_M4_R67,112,5.45909162491464
psk_M4_R67,116,4.26315666753119
psk_M4_R67,116,5.45909162491464
psk_M4_R67,120,4.26315666753119
psk_M4_R67,120,5.45909162491464
psk_M4_R67,124,4.26315666753119
psk_M4_R67,124,5.45909162491464
psk_M4_R67,128,4.26315666753119
psk_M4_R67,128,5.45909162491464
psk_M4_R67,132,4.26315666753119
psk_M4_R67,132,5.45909162491464
psk_M4_R67,136,4.26315666753119
psk_M4_R67,136,5.45909162491464
psk_M4_R67,140,4.26315666753119
psk_M4_R67,140,5.45909162491464
psk_M4_R67,144,4.26315666753119
psk_M4_R67,144,5.45909162491464
psk_M4_R67,148,4.26315666753119
psk_M4_R67,148,5.45909162491464
psk_M4_R67,152,4.26315666753119
psk_M4_R67,152,5.45909162491464
psk_M4_R67,156,4.26315666753119
psk_M4_R67,156,5.45909162491464
psk_M4_R67,160,4.26315666753119
psk_M4_R67,160,5.45909162491464
psk_M4_R67,164,4.26315666753119
psk_M4_R67,164,5.45909162491464
psk_M4_R67,168,4.26315666753119
psk_M4_R67,168,5.45909162491464
psk_M4_R67,172,4.26315666753119
psk_M4_R67,172,5.45909162491464
psk_M4_R67,176,4.26315666753119
psk_M4_R67,176,5.45909162491464
psk_M4_R67,180,4.26315666753119
psk_M4_R67,180,5.45909162491464
psk_M4_R67,184,4.26315666753119
psk_M4_R67,184,5.45909162491464
psk_M4_R67,188,4.26315666753119
psk_M4_R67,188,5.45909162491464
psk_M4_R67,192,4.26315666753119
psk_M4_R67,192,5.45909162491464
psk_M4_R67,196,4.26315666753119
psk_M4_R67,196,5.45909162491464
psk_M4_R67,200,4.26315666753119
psk_M4_R67,200,5.45909162491464
psk_M4_R67,204,4.26315666753119
psk_M4_R67,204,5.45909162491464
psk_M4_R67,208,4.26315666753119
psk_M4_R67,208,5.45909162491464
psk_M4_R67,212,4.26315666753119
psk_M4_R67,212,5.45909162491464
psk_M4_R67,216,4.26315666753119
psk_M4_R67,216,5.45909162491464
psk_M4_R67,220,4.26315666753119
psk_M4_R67,220,5.45909162491464
psk_M4_R67,224,4.26315666753119
psk_M4_R67,224,5.45909162491464
psk_M4_R67,228,4.26315666753119
psk_M4_R67,228,5.45909162491464
psk_M4_R67,232,4.26315666753119
psk_M4_R67,232,5.45909162491464
psk_M4_R67,236,4.26315666753119
psk_M4_R67,236,5.45909162491464
psk_M4_R67,240,4.26315666753119
psk_M4_R67,240,5.45909162491464
psk_M4_R67,244,4.26315666753119
psk_M4_R67,244,5.45909162491464
psk_M4_R67,248,4.26315666753119
psk_M4_R67,248,5.45909162491464
psk_M4_R67,252,4.26315666753119
psk_M4_R67,252,5.45909162491464
psk_M4_R67,256,4.26315666753119
psk_M4_R67,256,5.45909162491464
psk_M4_R67,260,4.26315666753119
psk_M4_R67,260,5.45909162491464
psk_M4_R67,264,4.26315666753119
psk_M4_R67,264,5.45909162491464
psk_M4_R67,268,4.26315666753119
psk_M4_R67,268,5.45909162491464
psk_M4_R67,272,4.26315666753119
psk_M4_R67,272,5.45909162491464
psk_M4_R67,276,4.26315666753119
psk_M4_R67,276,5.45909162491464
psk_M4_R67,280,4.26315666753119
psk_M4_R67,280,5.45909162491464
psk_M4_R67,284,4.26315666753119
psk_M4_R67,284,5.45909162491464
psk_M4_R67,288,4.26315666753119
psk_M4_R67,288,5.45909162491464
psk_M4_R67,292,4.26315666753119
psk_M4_R67,292,5.45909162491464
psk_M4_R67,296,4.26315666753119
psk_M4_R67,296,5.45909162491464
psk_M4_R75,100,7.43300806195138
psk_M4_R75,100,5.52462775242679
psk_M4_R75,104,7.43300806195138
psk_M4_R75,104,5.52462775242679
psk_M4_R75,108,7.43300806195138
psk_M4_R75,108,5.52462775242679
psk_M4_R75,112,7.43300806195138
psk_M4_R75,112,5.52462775242679
psk_M4_R75,116,7.43300806195138
psk_M4_R75,116,5.52462775242679
psk_M4_R75,120,7.43300806195138
psk_M4_R75,120,5.52462775242679
psk_M4_R75,124,7.43300806195138
psk_M4_R75,124,5.52462775242679
psk_M4_R75,128,7.43300806195138
psk_M4_R75,128,5.52462775242679
psk_M4_R75,132,7.43300806195138
psk_M4_R75,132,5.52462775242679
psk_M4_R75,136,7.43300806195138
psk_M4_R75,136,5.52462775242679
psk_M4_R75,140,7.43300806195138
psk_M4_R75,140,5.52462775242679
psk_M4_R75,144,7.43300806195138
psk_M4_R75,144,5.52462775242679
psk_M4_R75,148,7.43300806195138
psk_M4_R75,148,5.52462775242679
psk_M4_R75,152,7.43300806195138
psk_M4_R75,152,5.52462775242679
psk_M4_R75,156,7.43300806195138
psk_M4_R75,156,5.52462775242679
psk_M4_R75,160,7.43300806195138
psk_M4_R75,160,5.52462775242679
psk_M4_R75,164,7.43300806195138
psk_M4_R75,164,5.52462775242679
psk_M4_R75,168,7.43300806195138
psk_M4_R75,168,5.52462775242679
psk_M4_R75,172,7.43300806195138
psk_M4_R75,172,5.52462775242679
psk_M4_R75,176,7.43300806195138
psk_M4_R75,176,5.52462775242679
psk_M4_R75,180,7.43300806195138
psk_M4_R75,180,5.52462775242679
psk_M4_R75,184,7.43300806195138
psk_M4_R75,184,5.52462775242679
psk_M4_R75,188,7.43300806195138
psk_M4_R75,188,5.52462775242679
psk_M4_R75,192,7.43300806195138
psk_M4_R75,192,5.52462775242679
psk_M4_R75,196,7.43300806195138
psk_M4_R75,196,5.52462775242679
psk_M4_R75,200,7.43300806195138
psk_M4_R75,200,5.52462775242679
psk_M4_R75,204,7.43300806195138
psk_M4_R75,204,5.52462775242679
psk_M4_R75,208,7.43300806195138
psk_M4_R75,208,5.52462775242679
psk_M4_R75,212,7.43300806195138
psk_M4_R75,212,5.52462775242679
psk_M4_R75,216,7.43300806195138
psk_M4_R75,216,5.52462775242679
psk_M4_R75,220,7.43300806195138
psk_M4_R75,220,5.52462775242679
psk_M4_R75,224,7.43300806195138
psk_M4_R75,224,5.52462775242679
psk_M4_R75,228,7.43300806195138
psk_M4_R75,228,5.52462775242679
psk_M4_R75,232,7.43300806195138
psk_M4_R75,232,5.52462775242679
psk_M4_R75,236,7.43300806195138
psk_M4_R75,236,5.52462775242679
psk_M4_R75,240,7.43300806195138
psk_M4_R75,240,5.52462775242679
psk_M4_R75,244,7.43300806195138
psk_M4_R75,244,5.52462775242679
psk_M4_R75,248,7.43300806195138
psk_M4_R75,248,5.52462775242679
psk_M4_R75,252,7.43300806195138
psk_M4_R75,252,5.52462775242679
psk_M4_R75,256,7.43300806195138
psk_M4_R75,256,5.52462775242679
psk_M4_R75,260,7.43300806195138
psk_M4_R75,260,5.52462775242679
psk_M4_R75,264,7.43300806195138
psk_M4_R75,264,5.52462775242679
psk_M4_R75,268,7.43300806195138
psk_M4_R75,268,5.52462775242679
psk_M4_R75,272,7.43300806195138
psk_M4_R75,272,5.52462775242679
psk_M4_R75,276,7.43300806195138
psk_M4_R75,276,5.52462775242679
psk_M4_R75,280,7.43300806195138
psk_M4_R75,280,5.52462775242679
psk_M4_R75,284,7.43300806195138
psk_M4_R75,284,5.52462775242679
psk_M4_R75,288,7.43300806195138
psk_M4_R75,288,5.52462775242679
psk_M4_R75,292,7.43300806195138
psk_M4_R75,292,5.52462775242679
psk_M4_R75,296,7.43300806195138
psk_M4_R75,296,5.52462775242679
psk_M8_R50,100,6.38166881416503
psk_M8_R50,100,3.54376628422536
psk_M8_R50,104,6.38166881416503
psk_M8_R50,104,3.54376628422536
psk_M8_R50,108,6.38166881416503
psk_M8_R50,108,3.54376628422536
psk_M8_R50,112,6.38166881416503
psk_M8_R50,112,3.54376628422536
psk_M8_R50,116,6.38166881416503
psk_M8_R50,116,3.54376628422536
psk_M8_R50,120,6.38166881416503
psk_M8_R50,120,3.54376628422536
psk_M8_R50,124,6.38166881416503
psk_M8_R50,124,3.54376628422536
psk_M8_R50,128,6.38166881416503
psk_M8_R50,128,3.54376628422536
psk_M8_R50,132,6.38166881416503
psk_M8_R50,132,3.54376628422536
psk_M8_R50,136,6.38166881416503
psk_M8_R50,136,3.54376628422536
psk_M8_R50,140,6.38166881416503
psk_M8_R50,140,3.54376628422536
psk_M8_R50,144,6.38166881416503
psk_M8_R50,144,3.54376628422536
psk_M8_R50,148,6.38166881416503
psk_M8_R50,148,3.54376628422536
psk_M8_R50,152,6.38166881416503
psk_M8_R50,152,3.54376628422536
psk_M8_R50,156,6.38166881416503
psk_M8_R50,156,3.54376628422536
psk_M8_R50,160,6.38166881416503
psk_M8_R50,160,3.54376628422536
psk_M8_R50,164,6.38166881416503
psk_M8_R50,164,3.54376628422536
psk_M8_R50,168,6.38166881416503
psk_M8_R50,168,3.54376628422536
psk_M8_R50,172,6.38166881416503
psk_M8_R50,172,3.54376628422536
psk_M8_R50,176,6.38166881416503
psk_M8_R50,176,3.54376628422536
psk_M8_R50,180,6.38166881416503
psk_M8_R50,180,3.54376628422536
psk_M8_R50,184,6.38166881416503
psk_M8_R50,184,3.54376628422536
psk_M8_R50,188,6.38166881416503
psk_M8_R50,188,3.54376628422536
psk_M8_R50,192,6.38166881416503
psk_M8_R50,192,3.54376628422536
psk_M8_R50,196,6.38166881416503
psk_M8_R50,196,3.54376628422536
psk_M8_R50,200,6.38166881416503
psk_M8_R50,200,3.54376628422536
psk_M8_R50,204,6.38166881416503
psk_M8_R50,204,3.54376628422536
psk_M8_R50,208,6.38166881416503
psk_M8_R50,208,3.54376628422536
psk_M8_R50,212,6.38166881416503
psk_M8_R50,212,3.54376628422536
psk_M8_R50,216,6.38166881416503
psk_M8_R50,216,3.54376628422536
psk_M8_R50,220,6.38166881416503
psk_M8_R50,220,3.54376628422536
psk_M8_R50,224,6.38166881416503
psk_M8_R50,224,3.54376628422536
psk_M8_R50,228,6.38166881416503
psk_M8_R50,228,3.54376628422536
psk_M8_R50,232,6.38166881416503
psk_M8_R50,232,3.54376628422536
psk_M8_R50,236,6.38166881416503
psk_M8_R50,236,3.54376628422536
psk_M8_R50,240,6.38166881416503
psk_M8_R50,240,3.54376628422536
psk_M8_R50,244,6.38166881416503
psk_M8_R50,244,3.54376628422536
psk_M8_R50,248,6.38166881416503
psk_M8_R50,248,3.54376628422536
psk_M8_R50,252,6.38166881416503
psk_M8_R50,252,3.54376628422536
psk_M8_R50,256,6.38166881416503
psk_M8_R50,256,3.54376628422536
psk_M8_R50,260,6.38166881416503
psk_M8_R50,260,3.54376628422536
psk_M8_R50,264,6.38166881416503
psk_M8_R50,264,3.54376628422536
psk_M8_R50,268,6.38166881416503
psk_M8_R50,268,3.54376628422536
psk_M8_R50,272,6.38166881416503
psk_M8_R50,272,3.54376628422536
psk_M8_R50,276,6.38166881416503
psk_M8_R50,276,3.54376628422536
psk_M8_R50,280,6.38166881416503
psk_M8_R50,280,3.54376628422536
psk_M8_R50,284,6.38166881416503
psk_M8_R50,284,3.54376628422536
psk_M8_R50,288,6.38166881416503
psk_M8_R50,288,3.54376628422536
psk_M8_R50,292,6.38166881416503
psk_M8_R50,292,3.54376628422536
psk_M8_R50,296,6.38166881416503
psk_M8_R50,296,3.54376628422536
psk_M8_R67,100,4.96468711019572
psk_M8_R67,100,-0.0364321488653023
psk_M8_R67,104,4.96468711019572
psk_M8_R67,104,-0.0364321488653023
psk_M8_R67,108,4.96468711019572
psk_M8_R67,108,-0.0364321488653023
psk_M8_R67,112,4.96468711019572
psk_M8_R67,112,-0.0364321488653023
psk_M8_R67,116,4.96468711019572
psk_M8_R67,116,-0.0364321488653023
psk_M8_R67,120,4.96468711019572
psk_M8_R67,120,-0.0364321488653023
psk_M8_R67,124,4.96468711019572
psk_M8_R67,124,-0.0364321488653023
psk_M8_R67,128,4.96468711019572
psk_M8_R67,128,-0.0364321488653023
psk_M8_R67,132,4.96468711019572
psk_M8_R67,132,-0.0364321488653023
psk_M8_R67,136,4.96468711019572
psk_M8_R67,136,-0.0364321488653023
psk_M8_R67,140,4.96468711019572
psk_M8_R67,140,-0.0364321488653023
psk_M8_R67,144,4.96468711019572
psk_M8_R67,144,-0.0364321488653023
psk_M8_R67,148,4.96468711019572
psk_M8_R67,148,-0.0364321488653023
psk_M8_R67,152,4.96468711019572
psk_M8_R67,152,-0.0364321488653023
psk_M8_R67,156,4.96468711019572
psk_M8_R67,156,-0.0364321488653023
psk_M8_R67,160,4.96468711019572
psk_M8_R67,160,-0.0364321488653023
psk_M8_R67,164,4.96468711019572
psk_M8_R67,164,-0.0364321488653023
psk_M8_R67,168,4.96468711019572
psk_M8_R67,168,-0.0364321488653023
psk_M8_R67,172,4.96468711019572
psk_M8_R67,172,-0.0364321488653023
psk_M8_R67,176,4.96468711019572
psk_M8_R67,176,-0.0364321488653023
psk_M8_R67,180,4.96468711019572
psk_M8_R67,180,-0.0364321488653023
psk_M8_R67,184,4.96468711019572
psk_M8_R67,184,-0.0364321488653023
psk_M8_R67,188,4.96468711019572
psk_M8_R67,188,-0.0364321488653023
psk_M8_R67,192,4.96468711019572
psk_M8_R67,192,-0.0364321488653023
psk_M8_R67,196,4.96468711019572
psk_M8_R67,196,-0.0364321488653023
psk_M8_R67,200,4.96468711019572
psk_M8_R67,200,-0.0364321488653023
psk_M8_R67,204,4.96468711019572
psk_M8_R67,204,-0.0364321488653023
psk_M8_R67,208,4.96468711019572
psk_M8_R67,208,-0.0364321488653023
psk_M8_R67,212,4.96468711019572
psk_M8_R67,212,-0.0364321488653023
psk_M8_R67,216,4.96468711019572
psk_M8_R67,216,-0.0364321488653023
psk_M8_R67,220,4.96468711019572
psk_M8_R67,220,-0.0364321488653023
psk_M8_R67,224,4.96468711019572
psk_M8_R67,224,-0.0364321488653023
psk_M8_R67,228,4.96468711019572
psk_M8_R67,228,-0.0364321488653023
psk_M8_R67,232,4.96468711019572
psk_M8_R67,232,-0.0364321488653023
psk_M8_R67,236,4.96468711019572
psk_M8_R67,236,-0.0364321488653023
psk_M8_R67,240,4.96468711019572
psk_M8_R67,240,-0.0364321488653023
psk_M8_R67,244,4.96468711019572
psk_M8_R67,244,-0.0364321488653023
psk_M8_R67,248,4.96468711019572
psk_M8_R67,248,-0.0364321488653023
psk_M8_R67,252,4.96468711019572
psk_M8_R67,252,-0.0364321488653023
psk_M8_R67,256,4.96468711019572
psk_M8_R67,256,-0.0364321488653023
psk_M8_R67,260,4.96468711019572
psk_M8_R67,260,-0.0364321488653023
psk_M8_R67,264,4.96468711019572
psk_M8_R67,264,-0.0364321488653023
psk_M8_R67,268,4.96468711019572
psk_M8_R67,268,-0.0364321488653023
psk_M8_R67,272,4.96468711019572
psk_M8_R67,272,-0.0364321488653023
psk_M8_R67,276,4.96468711019572
psk_M8_R67,276,-0.0364321488653023
psk_M8_R67,280,4.96468711019572
psk_M8_R67,280,-0.0364321488653023
psk_M8_R67,284,4.96468711019572
psk_M8_R67,284,-0.0364321488653023
psk_M8_R67,288,4.96468711019572
psk_M8_R67,288,-0.0364321488653023
psk_M8_R67,292,4.96468711019572
psk_M8_R67,292,-0.0364321488653023
psk_M8_R67,296,4.96468711019572
psk_M8_R67,296,-0.0364321488653023
psk_M8_R75,100,4.86977258754921
psk_M8_R75,100,5.03386807572514
psk_M8_R75,104,4.86977258754921
psk_M8_R75,104,5.03386807572514
psk_M8_R75,108,4.86977258754921
psk_M8_R75,108,5.03386807572514
psk_M8_R75,112,4.86977258754921
psk_M8_R75,112,5.03386807572514
psk_M8_R75,116,4.86977258754921
psk_M8_R75,116,5.03386807572514
psk_M8_R75,120,4.86977258754921
psk_M8_R75,120,5.03386807572514
psk_M8_R75,124,4.86977258754921
psk_M8_R75,124,5.03386807572514
psk_M8_R75,128,4.86977258754921
psk_M8_R75,128,5.03386807572514
psk_M8_R75,132,4.86977258754921
psk_M8_R75,132,5.03386807572514
psk_M8_R75,136,4.86977258754921
psk_M8_R75,136,5.03386807572514
psk_M8_R75,140,4.86977258754921
psk_M8_R75,140,5.03386807572514
psk_M8_R75,144,4.86977258754921
psk_M8_R75,144,5.03386807572514
psk_M8_R75,148,4.86977258754921
psk_M8_R75,148,5.03386807572514
psk_M8_R75,152,4.86977258754921
psk_M8_R75,152,5.03386807572514
psk_M8_R75,156,4.86977258754921
psk_M8_R75,156,5.03386807572514
psk_M8_R75,160,4.86977258754921
psk_M8_R75,160,5.03386807572514
psk_M8_R75,164,4.86977258754921
psk_M8_R75,164,5.03386807572514
psk_M8_R75,168,4.86977258754921
psk_M8_R75,168,5.03386807572514
psk_M8_R75,172,4.86977258754921
psk_M8_R75,172,5.03386807572514
psk_M8_R75,176,4.86977258754921
psk_M8_R75,176,5.03386807572514
psk_M8_R75,180,4.86977258754921
psk_M8_R75,180,5.03386807572514
psk_M8_R75,184,4.86977258754921
psk_M8_R75,184,5.03386807572514
psk_M8_R75,188,4.86977258754921
psk_M8_R75,188,5.03386807572514
psk_M8_R75,192,4.86977258754921
psk_M8_R75,192,5.03386807572514
psk_M8_R75,196,4.86977258754921
psk_M8_R75,196,5.03386807572514
psk_M8_R75,200,4.86977258754921
psk_M8_R75,200,5.03386807572514
psk_M8_R75,204,4.86977258754921
psk_M8_R75,204,5.03386807572514
psk_M8_R75,208,4.86977258754921
psk_M8_R75,208,5.03386807572514
psk_M8_R75,212,4.86977258754921
psk_M8_R75,212,5.03386807572514
psk_M8_R75,216,4.86977258754921
psk_M8_R75,216,5.03386807572514
psk_M8_R75,220,4.86977258754921
psk_M8_R75,220,5.03386807572514
psk_M8_R75,224,4.86977258754921
psk_M8_R75,224,5.03386807572514
psk_M8_R75,228,4.86977258754921
psk_M8_R75,228,5.03386807572514
psk_M8_R75,232,4.86977258754921
psk_M8_R75,232,5.03386807572514
psk_M8_R75,236,4.86977258754921
psk_M8_R75,236,5.03386807572514
psk_M8_R75,240,4.86977258754921
psk_M8_R75,240,5.03386807572514
psk_M8_R75,244,4.86977258754921
psk_M8_R75,244,5.03386807572514
psk_M8_R75,248,4.86977258754921
psk_M8_R75,248,5.03386807572514
psk_M8_R75,252,4.86977258754921
psk_M8_R75,252,5.03386807572514
psk_M8_R75,256,4.86977258754921
psk_M8_R75,256,5.03386807572514
psk_M8_R75,260,4.86977258754921
psk_M8_R75,260,5.03386807572514
psk_M8_R75,264,4.86977258754921
psk_M8_R75,264,5.03386807572514
psk_M8_R75,268,4.86977258754921
psk_M8_R75,268,5.03386807572514
psk_M8_R75,272,4.86977258754921
psk_M8_R75,272,5.03386807572514
psk_M8_R75,276,4.86977258754921
psk_M8_R75,276,5.03386807572514
psk_M8_R75,280,4.86977258754921
psk_M8_R75,280,5.03386807572514
psk_M8_R75,284,4.86977258754921
psk_M8_R75,284,5.03386807572514
psk_M8_R75,288,4.86977258754921
psk_M8_R75,288,5.03386807572514
psk_M8_R75,292,4.86977258754921
psk_M8_R75,292,5.03386807572514
psk_M8_R75,296,4.86977258754921
psk_M8_R75,296,5.03386807572514
psk_M16_R50,100,6.38113934311897
psk_M16_R50,100,4.25471071674823
psk_M16_R50,104,6.38113934311897
psk_M16_R50,104,4.25471071674823
psk_M16_R50,108,6.38113934311897
psk_M16_R50,108,4.25471071674823
psk_M16_R50,112,6.38113934311897
psk_M16_R50,112,4.25471071674823
psk_M16_R50,116,6.38113934311897
psk_M16_R50,116,4.25471071674823
psk_M16_R50,120,6.38113934311897
psk_M16_R50,120,4.25471071674823
psk_M16_R50,124,6.38113934311897
psk_M16_R50,124,4.25471071674823
psk_M16_R50,128,6.38113934311897
psk_M16_R50,128,4.25471071674823
psk_M16_R50,132,6.38113934311897
psk_M16_R50,132,4.25471071674823
psk_M16_R50,136,6.38113934311897
psk_M16_R50,136,4.25471071674823
psk_M16_R50,140,6.38113934311897
psk_M16_R50,140,4.25471071674823
psk_M16_R50,144,6.38113934311897
psk_M16_R50,144,4.25471071674823
psk_M16_R50,148,6.38113934311897
psk_M16_R50,148,4.25471071674823
psk_M16_R50,152,6.38113934311897
psk_M16_R50,152,4.25471071674823
psk_M16_R50,156,6.38113934311897
psk_M16_R50,156,4.25471071674823
psk_M16_R50,160,6.38113934311897
psk_M16_R50,160,4.25471071674823
psk_M16_R50,164,6.38113934311897
psk_M16_R50,164,4.25471071674823
psk_M16_R50,168,6.38113934311897
psk_M16_R50,168,4.25471071674823
psk_M16_R50,172,6.38113934311897
psk_M16_R50,172,4.25471071674823
psk_M16_R50,176,6.38113934311897
psk_M16_R50,176,4.25471071674823
psk_M16_R50,180,6.38113934311897
psk_M16_R50,180,4.25471071674823
psk_M16_R50,184,6.38113934311897
psk_M16_R50,184,4.25471071674823
psk_M16_R50,188,6.38113934311897
psk_M16_R50,188,4.25471071674823
psk_M16_R50,192,6.38113934311897
psk_M16_R50,192,4.25471071674823
psk_M16_R50,196,6.38113934311897
psk_M16_R50,196,4.25471071674823
psk_M16_R50,200,6.38113934311897
psk_M16_R50,200,4.25471071674823
psk_M16_R50,204,6.38113934311897
psk_M16_R50,204,4.25471071674823
psk_M16_R50,208,6.38113934311897
psk_M16_R50,208,4.25471071674823
psk_M16_R50,212,6.38113934311897
psk_M16_R50,212,4.25471071674823
psk_M16_R50,216,6.38113934311897
psk_M16_R50,216,4.25471071674823
psk_M16_R50,220,6.38113934311897
psk_M16_R50,220,4.25471071674823
psk_M16_R50,224,6.38113934311897
psk_M16_R50,224,4.25471071674823
psk_M16_R50,228,6.38113934311897
psk_M16_R50,228,4.25471071674823
psk_M16_R50,232,6.38113934311897
psk_M16_R50,232,4.25471071674823
psk_M16_R50,236,6.38113934311897
psk_M16_R50,236,4.25471071674823
psk_M16_R50,240,6.38113934311897
psk_M16_R50,240,4.25471071674823
psk_M16_R50,244,6.38113934311897
psk_M16_R50,244,4.25471071674823
psk_M16_R50,248,6.38113934311897
psk_M16_R50,248,4.25471071674823
psk_M16_R50,252,6.38113934311897
psk_M16_R50,252,4.25471071674823
psk_M16_R50,256,6.38113934311897
psk_M16_R50,256,4.25471071674823
psk_M16_R50,260,6.38113934311897
psk_M16_R50,260,4.25471071674823
psk_M16_R50,264,6.38113934311897
psk_M16_R50,264,4.25471071674823
psk_M16_R50,268,6.38113934311897
psk_M16_R50,268,4.25471071674823
psk_M16_R50,272,6.38113934311897
psk_M16_R50,272,4.25471071674823
psk_M16_R50,276,6.38113934311897
psk_M16_R50,276,4.25471071674823
psk_M16_R50,280,6.38113934311897
psk_M16_R50,280,4.25471071674823
psk_M16_R50,284,6.38113934311897
psk_M16_R50,284,4.25471071674823
psk_M16_R50,288,6.38113934311897
psk_M16_R50,288,4.25471071674823
psk_M16_R50,292,6.38113934311897
psk_M16_R50,292,4.25471071674823
psk_M16_R50,296,6.38113934311897
psk_M16_R50,296,4.25471071674823
psk_M16_R67,100,6.97522863577291
psk_M16_R67,100,8.81673998956068
psk_M16_R67,104,6.97522863577291
psk_M16_R67,104,8.81673998956068
psk_M16_R67,108,6.97522863577291
psk_M16_R67,108,8.81673998956068
psk_M16_R67,112,6.97522863577291
psk_M16_R67,112,8.81673998956068
psk_M16_R67,116,6.97522863577291
psk_M16_R67,116,8.81673998956068
psk_M16_R67,120,6.97522863577291
psk_M16_R67,120,8.81673998956068
psk_M16_R67,124,6.97522863577291
psk_M16_R67,124,8.81673998956068
psk_M16_R67,128,6.97522863577291
psk_M16_R67,128,8.81673998956068
psk_M16_R67,132,6.97522863577291
psk_M16_R67,132,8.81673998956068
psk_M16_R67,136,6.97522863577291
psk_M16_R67,136,8.81673998956068
psk_M16_R67,140,6.97522863577291
psk_M16_R67,140,8.81673998956068
psk_M16_R67,144,6.97522863577291
psk_M16_R67,144,8.81673998956068
psk_M16_R67,148,6.97522863577291
psk_M16_R67,148,8.81673998956068
psk_M16_R67,152,6.97522863577291
psk_M16_R67,152,8.81673998956068
psk_M16_R67,156,6.97522863577291
psk_M16_R67,156,8.81673998956068
psk_M16_R67,160,6.97522863577291
psk_M16_R67,160,8.81673998956068
psk_M16_R67,164,6.97522863577291
psk_M16_R67,164,8.81673998956068
psk_M16_R67,168,6.97522863577291
psk_M16_R67,168,8.81673998956068
psk_M16_R67,172,6.97522863577291
psk_M16_R67,172,8.81673998956068
psk_M16_R67,176,6.97522863577291
psk_M16_R67,176,8.81673998956068
psk_M16_R67,180,6.97522863577291
psk_M16_R67,180,8.81673998956068
psk_M16_R67,184,6.97522863577291
psk_M16_R67,184,8.81673998956068
psk_M16_R67,188,6.97522863577291
psk_M16_R67,188,8.81673998956068
psk_M16_R67,192,6.97522863577291
psk_M16_R67,192,8.81673998956068
psk_M16_R67,196,6.97522863577291
psk_M16_R67,196,8.81673998956068
psk_M16_R67,200,6.97522863577291
psk_M16_R67,200,8.81673998956068
psk_M16_R67,204,6.97522863577291
psk_M16_R67,204,8.81673998956068
psk_M16_R67,208,6.97522863577291
psk_M16_R67,208,8.81673998956068
psk_M16_R67,212,6.97522863577291
psk_M16_R67,212,8.81673998956068
psk_M16_R67,216,6.97522863577291
psk_M16_R67,216,8.81673998956068
psk_M16_R67,220,6.97522863577291
psk_M16_R67,220,8.81673998956068
psk_M16_R67,224,6.97522863577291
psk_M16_R67,224,8.81673998956068
psk_M16_R67,228,6.97522863577291
psk_M16_R67,228,8.81673998956068
psk_M16_R67,232,6.97522863577291
psk_M16_R67,232,8.81673998956068
psk_M16_R67,236,6.97522863577291
psk_M16_R67,236,8.81673998956068
psk_M16_R67,240,6.97522863577291
psk_M16_R67,240,8.81673998956068
psk_M16_R67,244,6.97522863577291
psk_M16_R67,244,8.81673998956068
psk_M16_R67,248,6.97522863577291
psk_M16_R67,248,8.81673998956068
psk_M16_R67,252,6.97522863577291
psk_M16_R67,252,8.81673998956068
psk_M16_R67,256,6.97522863577291
psk_M16_R67,256,8.81673998956068
psk_M16_R67,260,6.97522863577291
psk_M16_R67,260,8.81673998956068
psk_M16_R67,264,6.97522863577291
psk_M16_R67,264,8.81673998956068
psk_M16_R67,268,6.97522863577291
psk_M16_R67,268,8.81673998956068
psk_M16_R67,272,6.97522863577291
psk_M16_R67,272,8.81673998956068
psk_M16_R67,276,6.97522863577291
psk_M16_R67,276,8.81673998956068
psk_M16_R67,280,6.97522863577291
psk_M16_R67,280,8.81673998956068
psk_M16_R67,284,6.97522863577291
psk_M16_R67,284,8.81673998956068
psk_M16_R67,288,6.97522863577291
psk_M16_R67,288,8.81673998956068
psk_M16_R67,292,6.97522863577291
psk_M16_R67,292,8.81673998956068
psk_M16_R67,296,6.97522863577291
psk_M16_R67,296,8.81673998956068
psk_M16_R75,100,8.03173629351
psk_M16_R75,100,4.4472634885093
psk_M16_R75,104,8.03173629351
psk_M16_R75,104,4.4472634885093
psk_M16_R75,108,8.03173629351
psk_M16_R75,108,4.4472634885093
psk_M16_R75,112,8.03173629351
psk_M16_R75,112,4.4472634885093
psk_M16_R75,116,8.03173629351
psk_M16_R75,116,4.4472634885093
psk_M16_R75,120,8.03173629351
psk_M16_R75,120,4.4472634885093
psk_M16_R75,124,8.03173629351
psk_M16_R75,124,4.4472634885093
psk_M16_R75,128,8.03173629351
psk_M16_R75,128,4.4472634885093
psk_M16_R75,132,8.03173629351
psk_M16_R75,132,4.4472634885093
psk_M16_R75,136,8.03173629351
psk_M16_R75,136,4.4472634885093
psk_M16_R75,140,8.03173629351
psk_M16_R75,140,4.4472634885093
psk_M16_R75,144,8.03173629351
psk_M16_R75,144,4.4472634885093
psk_M16_R75,148,8.03173629351
psk_M16_R75,148,4.4472634885093
psk_M16_R75,152,8.03173629351
psk_M16_R75,152,4.4472634885093
psk_M16_R75,156,8.03173629351
psk_M16_R75,156,4.4472634885093
psk_M16_R75,160,8.03173629351
psk_M16_R75,160,4.4472634885093
psk_M16_R75,164,8.03173629351
psk_M16_R75,164,4.4472634885093
psk_M16_R75,168,8.03173629351
psk_M16_R75,168,4.4472634885093
psk_M16_R75,172,8.03173629351
psk_M16_R75,172,4.4472634885093
psk_M16_R75,176,8.03173629351
psk_M16_R75,176,4.4472634885093
psk_M16_R75,180,8.03173629351
psk_M16_R75,180,4.4472634885093
psk_M16_R75,184,8.03173629351
psk_M16_R75,184,4.4472634885093
psk_M16_R75,188,8.03173629351
psk_M16_R75,188,4.4472634885093
psk_M16_R75,192,8.03173629351
psk_M16_R75,192,4.4472634885093
psk_M16_R75,196,8.03173629351
psk_M16_R75,196,4.4472634885093
psk_M16_R75,200,8.03173629351
psk_M16_R75,200,4.4472634885093
psk_M16_R75,204,8.03173629351
psk_M16_R75,204,4.4472634885093
psk_M16_R75,208,8.03173629351
psk_M16_R75,208,4.4472634885093
psk_M16_R75,212,8.03173629351
psk_M16_R75,212,4.4472634885093
psk_M16_R75,216,8.03173629351
psk_M16_R75,216,4.4472634885093
psk_M16_R75,220,8.03173629351
psk_M16_R75,220,4.4472634885093
psk_M16_R75,224,8.03173629351
psk_M16_R75,224,4.4472634885093
psk_M16_R75,228,8.03173629351
psk_M16_R75,228,4.4472634885093
psk_M16_R75,232,8.03173629351
psk_M16_R75,232,4.4472634885093
psk_M16_R75,236,8.03173629351
psk_M16_R75,236,4.4472634885093
psk_M16_R75,240,8.03173629351
psk_M16_R75,240,4.4472634885093
psk_M16_R75,244,8.03173629351
psk_M16_R75,244,4.4472634885093
psk_M16_R75,248,8.03173629351
psk_M16_R75,248,4.4472634885093
psk_M16_R75,252,8.03173629351
psk_M16_R75,252,4.4472634885093
psk_M16_R75,256,8.03173629351
psk_M16_R75,256,4.4472634885093
psk_M16_R75,260,8.03173629351
psk_M16_R75,260,4.4472634885093
psk_M16_R75,264,8.03173629351
psk_M16_R75,264,4.4472634885093
psk_M16_R75,268,8.03173629351
psk_M16_R75,268,4.4472634885093
psk_M16_R75,272,8.03173629351
psk_M16_R75,272,4.4472634885093
psk_M16_R75,276,8.03173629351
psk_M16_R75,276,4.4472634885093
psk_M16_R75,280,8.03173629351
psk_M16_R75,280,4.4472634885093
psk_M16_R75,284,8.03173629351
psk_M16_R75,284,4.4472634885093
psk_M16_R75,288,8.03173629351
psk_M16_R75,288,4.4472634885093
psk_M16_R75,292,8.03173629351
psk_M16_R75,292,4.4472634885093
psk_M16_R75,296,8.03173629351
psk_M16_R75,296,4.4472634885093
